name;description
BNP PARIBAS;"Lavorare in un grande Gruppo multinazionale significa ricevere quotidianamente stimoli e opportunità di conoscenza ampi e diversificati. Valorizziamo le differenze tra i colleghi per creare un ambiente di lavoro che favorisca l'espressione del potenziale di ognuno, offrendo un futuro di crescita professionale fondato sul merito e sull'eccellenza individuale all'interno del Gruppo BNP Paribas. 
Amiamo lavorare con persone capaci di impegnarsi a trasmettere e condividere il loro talento, la loro ambizione, la loro energia. Ciò che offriamo ai nostri candidati è molto di più che un lavoro: una possibilità concreta di crescita individuale all'interno di un nostro team internazionale. "
Goldenpoint;Quello di Goldenpoint ha un ambiente dinamico e internazionale. 
Bosch;"Investiamo molto su laureandi e neolaureati, in particolare nelle aree di ingegneria, economia e nelle discipline umanistiche. Se stai frequentando un percorso universitario, o ti sei appena laureato, ti offriamo l’opportunità di svolgere stage o tirocini formativi all’interno di una delle società del Gruppo, coinvolgendoti fin da subito in progetti interessanti e integrandoti nelle attività quotidiane di un vero team di lavoro. Le aree di inserimento sono molte e diversificate: ricerca e sviluppo, produzione, acquisti, logistica, marketing, controllo di gestione, risorse umane, contabilità, vendite, IT. 
Da te ci aspettiamo un ottimo background accademico, sensibilità multiculturale, conoscenza della lingua inglese. Inoltre, apprezziamo la curiosità, il teamworking e la flessibilità. Ma soprattutto cerchiamo passione. Se ti riconosci in queste caratteristiche, non esitare a candidarti per Bosch."
Luxottica;In Luxottica Group you will find a dynamic and distinctly international environment, where young brilliant people will have the opportunity to take part into inter-functional projects, while facing a challenging market in constant evolution.
Unilever;In Unilever potrai costruire il tuo percorso professionale, lavorando su brand differenti e con i migliori talenti. Internship: è una vera e propria esperienza sul campo. Attraverso il supporto del tutor aziendale, lo stagiaire avrà la possibilità di collaborare alla gestione di un progetto, conoscere le dinamiche aziendali e relazionarsi con il management. Le offerte di internship vengono gestite in collaborazione con le più prestigiose Università nazionali e le più qualificate Business School. La partecipazione ai Career Day e Job Fair sono per noi un prezioso canale di reclutamento. Unilever Future Leader Programme (UFLP): è un programma di sviluppo cross-functional, strutturato in tre anni, per formare i futuri manager di Unilever.
Employerland;We are a young, innovative start-up purely focused on innovation and new technology. Those who work with us find an atmosphere which is young and informal with a team that is oriented on our goals and those of our customers who are both the players and the companies in the game. Our rapid development is only possible with the development of the people who work with us that enable us every day to explore new projects and new ideas
Johnson & Johnson;"Per i laureandi/neolaureati interessati a confrontarsi con un contesto aziendale dinamico ed internazionale, J&J offre l’opportunità di realizzare stage curriculari e post lauream. 
Lo stage è il canale privilegiato per un efficace ingresso in azienda: ha la durata di sei mesi ed è previsto un rimborso spese, la mensa aziendale e l’utilizzo delle attrezzature sportive.
Ad ogni stageur viene affiancato un tutor aziendale, responsabile della pianificazione di attività e compiti e della formazione della risorsa che avviene principalmente on the job.
I nostri Programmi di sviluppo di leadership (LDP) consentono uno sviluppo professionale accelerato in una vasta gamma di discipline per studenti con un elevato potenziale."
Elica;"I percorsi professionali sono ricchi e variegati, conseguenza di un ambiente in continua evoluzione e fortemente orientato allo sviluppo. Il costante investimento in formazione e affiancamento garantiscono crescita personale e professionale.
Siamo convinti che lo stage sia il canale d’ingresso ottimale: permette di mettersi alla prova su progetti specifici sperimentando attitudini e passioni sul campo, con il supporto continuo di tutor interni. Per facilitare il percorso di inserimento in azienda, offriamo ad ogni stagista, oltre al rimborso spese mensile, la possibilità di usufruire gratuitamente della mensa, della palestra aziendale e, per chi arriva da fuori regione, di un alloggio gratuito."
T-Connect;"We are involved in several research projects, supporting national and European partners in researching new technologies and developing innovative software applications.
Our customers, universities, research centres and SMEs, demands our services to design, develop and integrate the latest telecommunication technologies like mesh, ad-hoc, wireless sensor networks inside their projects. High knowledge of embedded systems, mobile operative systems (Android, iOs, Symbian) and enterprise application frameworks completes the range of services offered by T-Connect."
MSD Italia;"Da sempre dediti a coltivare il talento, ti offriamo la reale opportunità di metterti alla prova grazie ad internships di valore. Molti hanno iniziato la loro carriera professionale in MSD Italia grazie ad uno stage e, attualmente, ricoprono ruoli di primo piano in Azienda. L’apprendimento e lo sviluppo professionale sono critici al nostro successo, per questo ci impegniamo a rendere disponibile un ambiente di lavoro nel quale a ciascuno è data l’opportunità di raggiungere il proprio pieno potenziale. 
Sin da subito verrai coinvolto nelle attività aziendali, anche quelle di lungo respiro, e ti verrà chiesto di contribuire concretamente alla realizzazione di diversi progetti con un approccio proattivo.

Ti accompagneranno nella tua crescita professionale, ma sarai tu il protagonista!
"
Istarter;"Flexible hours

An open minded and dynamic culture

Varied, interesting projects

Responsibility

Exposure to investors and top managers"
MSD UK;MSD Italia is dedicated to nurturing young talent, and offers the opportunity to improve through internship experiences. You can seize the chance and take a new important step toward the realization of your personal ambitions. While working you will be given the opportunity to understand where your ideal position is and what you like the most. Many MSD Italia employees started their career by undertaking an internship and are now holding important posts in the company. Professional learning and development are crucial to achieving success in our company. From the very beginning, you will be involved in work activities, where you will be able to offer your own contributions and act as a leading character.
Poste Italiane;Poste Italiane è una realtà dinamica che cambia ed evolve per competere su numerosi mercati: finanziario e assicurativo, logistico, delle telecomunicazioni, dei servizi di certificazione e di comunicazione digitale, del pagamento e del commercio elettronico, della gestione documentale, dell’e-Government, dell’e-Procurement, della sicurezza informatica, dell’outsourcing dei processi documentali. Poche altre aziende nel panorama nazionale possono offrire l’opportunità di confrontarsi con una così ampia gamma di prodotti e servizi.
ADS;"Formazione Retribuita: Un mese di training tecnico intensivo retribuito 

Prospettive Future: Puoi cominciare a lavorare in ADS con contratto di apprendistato

Knowledge Sharing: Acquisisci know-how da tecnici e PM di ADS con forte esperienza sul campo

Con i giganti dell’ICT: Puoi lavorare per i maggiori players italiani dell’Information Technology

Team Giovane e Dinamico: Entri nella squadra più affiatata e giovane di tutto il comparto ICT Italiano – 28 anni di media

Un’Azienda in Ascesa: ADS è nella ""Tecnology Fast 500"" del ranking Deloitte"
Città della sicurezza;"Per il progetto Città della Sicurezza stiamo offrendo a tutti i nostri dipendenti un ambiente di ""training"" innovativo accessibile da smartphone e tablet sia per dispositivi Android che Ios."
Findomestic Banca spa;"Entrare in Findomestic significa anche condividere e rafforzare ogni giorno con i propri comportamenti i nostri valori condivisi da tutto il gruppo PARIBAS:

REATTIVITÀ - Essere rapidi nella valutazione delle situazioni e delle evoluzioni così come nell'identificazione delle opportunità. Essere efficienti nelle azioni e nel prendere decisioni

IMPEGNO - Essere impegnati nel servizio al cliente e nel successo della collettività. Essere esemplari nei comportamenti

CREATIVITÀ - Promuovere le iniziative e le nuove idee. Saper distinguere i loro autori

IMPEGNO - Gusto della sfida e della leadership. Volontà di vincere in equipe una gara il cui l’arbitro è il cliente "
OBI ITALIA;Lavorare in OBI significa entrare in un'azienda che offre uno strutturato percorso di formazione in ingresso e che prevede importanti progetti di sviluppo e molteplici percorsi di carriera. OBI è caratterizzata da un forte orientamento alla persona, con grande attenzione sia al servizio al cliente che allo sviluppo professionale e personale dei collaboratori.
Tiger Italia;"Tiger è un'Azienda giovane, dinamica, originale, poco convenzionale, divertente, piena di colori, allegra, musicale, vivace... ma soprattutto professionale!

Nei nostri negozi il lavoro è tanto vario quanto dinamico; nessuno si annoia e tutti sono molto attivi."
Bricoman Italia;"In Bricoman le persone sono una ricchezza importante. Il successo della nostra impresa è infatti nelle mani, nel cuore e nelle capacità di ogni collaboratore, uomini e donne che quotidianamente operano al servizio del Cliente. 

Appassionarsi al nostro mestiere, vivere i nostri valori, condividere gli obiettivi per crescere insieme nelle competenze e nei risultati, sono concetti alla base del nostro progetto formativo: il nostro management favorisce infatti processi di responsabilizzazione e di decisione, verificando che siano sempre vicini al prodotto, al terreno e alla vita di tutti i giorni in Negozio. "
Club Med;Club Med, oltre all'esperienza di vita che offre ai propri collaboratori, dei villaggi o degli uffici, propone un modello unico in termini di percorso di carriera e possibilità di occupazione. La natura stessa dei posti di lavoro è fonte di motivazione, di esperienze di vita intense, ricche di scambi, il tutto in un contesto internazionale. Lo sviluppo dei talenti è una sfida prioritaria per Club Med che ha deciso, dal 2006, di dotarsi di un'Università dei talenti. La sua missione è proprio lo sviluppo e la conservazione di questo prezioso capitale.
Gamestop;Siamo un’organizzazione multinazionale, molto simile tuttavia alle startup di successo, con le quali condividiamo la creatività e la velocità di cambiamento. Offriamo un ambiente innovativo, reattivo ed incentrato sulla crescita delle persone, aspetti fondamentali per supportare al meglio l’evoluzione di Gamestop e l’ingresso in nuovi importanti business. Si tratta inoltre di un contesto giovane ed informale, stimolante sia per le posizioni dell’HQ che per quelle in negozio.
Salini Impregilo;"We offer a unique opportunity to gain a strong international experience working on major and complex infrastructure projects that will improve the lives of people in five continents.

Working with us means belonging to a dynamic, competitive and multicultural organization, where you can develop the skills and expertise that are required for a career with the industry’s best professionals
Combining the vibrant energy of young talents with the outstanding technical expertise of the company’s experienced staff is one of the driving forces behind our efforts to bolster our growth.

Join a top player and make the difference!
"
Neomobile;"Neomobile è una società internazionale e dall’ambiente dinamico, un vero e proprio meltin pot di culture e lingue diverse. I nostri uffici all’avanguardia sono il luogo ideale in cui la creatività, l'innovazione ed il lavoro di squadra si intrecciano. 

L’azienda investe quotidianamente in strategie che puntano a migliorare le competenze dei colleghi, sia soft che hard, proprio perché l’apprendimento e miglioramento continuo è uno dei nostri valori chiave. 

Numerose sono anche le opportunità di carriera, come ad esempio country e job rotation in azienda.  
"
FiloBlu;"Offriamo una continua formazione on the job. Un luogo di lavoro dove si possono sviluppare le proprie idee, dove il team vince e la creatività, l’iniziativa e la proattività sono valori top of the list.

Puntiamo da sempre sul talento e sull’intuizione e offriamo un ambiente in cui esprimere al meglio le proprie qualità, confrontandosi con obiettivi sfidanti e con opportunità sempre nuove, in un contesto dinamico e veloce.

Le grandi opportunità di crescita professionale nascono e si sviluppano in un clima di costante team building in cui ogni risorsa trova la propria collocazione in interazione trasversale tra reparti."
Microsoft;"Il Mach – Microsoft Academy for College Hires è il programma pensato da Microsoft per l’inserimento in azienda di giovani e brillanti laureandi e neolaureati in Economia, Ingegneria, Informatica, Marketing e Comunicazione. Si tratta di un percorso, che ha lo scopo di facilitare il passaggio dal mondo universitario a quello del lavoro, fornendo il giusto equilibrio tra l’esperienza lavorativa, la formazione e il supporto continuo da parte dell’azienda.
Il Microsoft Academy for College Hires offre ai candidati selezionati un’esperienza di formazione e lavoro a 360 gradi, e concrete opportunità di carriera all’interno della nota multinazionale leader nel settore informatico. Il programma, infatti, prevede l’assunzione in Microsoft dopo i primi 12 mesi ed i partecipanti possono contare sul sostegno di una rete di oltre 2.500 dipendenti distribuiti su più di 60 paesi, entrando a far parte di una community internazionale."
ipagoo;"As well as the challenge, we offer a competitive salary with the potential for stock options and an upcoming suite of benefits to include:
Core benefits including medical cover, income protection and life assurance
Salary sacrifice on tech, childcare and cycle to work, and discounted travel, dining and gym membership."
Roche;"Per noi aggiungere una nuova risorsa in azienda e un momento cruciale e per questo realizziamo programmi di accoglienza rivolti ai neo assunti: i primi giorni in azienda i nuovi colleghi ricevono una serie di informazioni durante incontri dedicati con varie funzioni e con il proprio line manager. 
MPD Partners;"The intern will be involved in the life of a young and busy company active in the Private Equity environment. In close collaboration with a small team of strongly experienced investment managers and analysts, the formative tasks will be: - Understanding the investment logic in the Private Equity & Venture Capital context - Scouting and analyzing late stage start-ups - Conducting company and market analyses - Managing target company & investor database Return offers will be offered to excellent candidates at the end of the internship.  "
TACK International Ltd;Today TACK is proud to operate in 42 countries, designing and delivering training solutions in over 30 languages for clients who span every industry, size and scale. We continue to learn from our diverse client base and through regular research. We aim to bring that learning to every project in which we are privileged to be involved.
Zodio Italia;"Un contesto di sviluppo e crescita di una insegna nella quale troverai convivialità, senso, polivalenza, non poche difficoltà… (la strada non sempre è semplice!)

Se rispondi più SI che NO alle affermazioni qui sotto, BRAVO!!! Hai ottime chances di far parte della fantastica famiglia ZODIO:

1) Sono appassionato di cucina o decorazione creativa o mi piace decorare la tavola ed accogliere amici e parenti

2) Mi piacerebbe incontrare degli amici al lavoro

3) Mi piacerebbe coniugare ambiente di lavoro e gioia di vivere

4) Ho voglia di rivelare il mio INCREDIBILE talento

5) Ho troppa voglia di organizzare delle feste a tema per appassionati come me!!! "
Bricocenter Italia;"Formazione 
Fin dai primi passi in azienda pensiamo insieme a te un cammino fatto di aule di formazione, affiancamenti a collaboratori con esperienza, corsi in modalità e-learning, blog e social network per aiutarti a imparare il tuo nuovo mestiere.

In Bricocenter ognuno di noi si impegna a formarsi e ha l’opportunità di trasmettere le proprie conoscenze e competenze agli altri.

Sviluppo
Ci impegniamo per mettere in valore i punti di forza di ognuno e favorire la crescita attraverso piani di sviluppo costituiti da formazioni, affiancamenti, accompagnamenti e partecipazione a progetti trasversali.

I percorsi di sviluppo individuali sono costruiti insieme da collaboratore e manager perchè la crescita e la realizzazione personale sono il nostro principale impegno!"
Allenarsi Per il Futuro;Offriamo un percorso di orientamento altamente professionalizzante per tutte le scuole e le università di Italia che credono nella forza propulsiva dell'alternanza Scuola-Lavoro
