job_ID;top_words
1204;['audit', 'internal', 'supporting', 'otb', 'adequacy']
728;['terranov', 'resident', 'maturit', 'saper', 'vend']
623;['stor', 'manager', 'alli', 'verr', 'trascorrer']
391;['sondr', 'abbigl', 'capacit', 'tess', 'junior']
392;['tess', 'tessil', 'sar', 'abbigl', 'marzott']
378;['tintor', 'macchin', 'tess', 'grupp', 'produtt']
498;['capacit', 'previst', 'secodn', 'attivit', 'qualc']
499;['marzott', 'inser', 'attravers', 'format', 'talent']
500;['industrial', 'marzott', 'inser', 'attravers', 'gruppo']
501;['ordin', 'documentali', 'sondrio', 'spedizioni', 'telefono']
587;['marzott', 'progett', 'creat', 'verrann', 'designers']
588;['calcol', 'budget', 'standard', 'trasfert', 'revised']
647;['candidato', 'manifatturiere', 'persever', 'veneto', 'vicenza']
679;['impar', 'tessile', 'analizz', 'controll', 'attiv']
681;['collbaor', 'candidato', 'secodn', 'ordini', 'diploma']
324;['meticolos', 'men', 'ar', 'labelling', 'uff']
1111;['mars', 'hom', 'site', 'fianc', 'opportun']
1321;['starbucks', 'bevand', 'perc', 'caff', 'brand']
1332;['starbucks', 'bevand', 'perc', 'caff', 'brand']
1335;['starbucks', 'bevand', 'perc', 'caff', 'brand']
1371;['store', 'perc', 'garant', 'privacy', 'person']
100;['vendita', 'tours', 'lavor', 'sens', 'simili']
293;['attrazion', 'acquatiche', 'snowboard', 'surf', 'kitesurf']
294;['cass', 'diffus', 'sens', 'cassa', 'cv']
295;['utenza', 'attrazioni', 'percorsi', 'sens', 'parco']
296;['giostr', 'giostre', 'sens', 'incaric', 'parco']
297;['pulizie', 'sens', 'cv', 'tratt', 'garanz']
298;['cuochi', 'ristorazione', 'banconisti', 'cassier', 'fumator']
299;['animal', 'requis', 'mammifer', 'acquariologia', 'marini']
300;['bagnin', 'salvataggio', 'sens', 'acquat', 'salvatagg']
301;['dinosauri', 'safar', 'teatral', 'necessar', 'sens']
302;['albo', 'infermiere', 'infermierist', 'sens', 'cv']
303;['acque', 'brevett', 'piscin', 'acquar', 'zoomarin']
304;['telefonate', 'sens', 'inbound', 'dialett', 'ricezion']
305;['tours', 'fotografo', 'lavor', 'sens', 'fotografi']
409;['campania', 'turistico', 'oper', 'rapport', 'istituzioni']
410;['turistico', 'lazio', 'sens', 'lgds', 'conserv']
411;['inerent', 'diritt', 'amministr', 'cessazion', 'bust']
412;['scienz', 'richiesti', 'questionar', 'gradimento', 'pervenuti']
413;['dovr', 'food', 'beverag', 'ristorazione', 'reddit']
502;['cv', 'scienz', 'richiesti', 'questionar', 'gradimento']
388;['piante', 'piant', 'giardin', 'parc', 'giardini']
335;['effettu', 'controll', 'quot', 'accett', 'avven']
336;['sistem', 'virtualizz', 'infrastruttur', 'produzion', 'cisc']
337;['abil', 'oriented', 'interpersonal', 'ottim', 'softw']
338;['ejb', 'abil', 'html5', 'svilupp', 'jav']
153;['navision', 'dynamics', 'anal', 'customizz', 'contabil']
97;['esercent', 'eurobet', 'capac', 'assistt', 'richiest']
165;['online', 'betting', 'gaming', 'account', 'mail']
166;['gaming', 'gioc', 'bingo', 'poker', 'casinò']
168;['art', '99', 'categor', '68', 'lgs']
169;['trading', 'miglior', 'sport', 'ottim', 'gestion']
170;['onlin', 'canal', 'acquisition', 'acquisizion', 'retention']
171;['singol', 'promozional', 'poker', 'casinò', 'capac']
173;['conosct', 'log', 'qual', 'sql', 'db']
1207;['effettu', 'correttezz', 'controll', 'monitor', 'avven']
1208;['essenzial', 'capac', 'ottim', 'preferenzial', 'titol']
1326;['mail', 'capac', 'ottim', 'preferenzial', 'titol']
1327;['online', 'dipart', 'sportsbook', 'liv', 'quotidian']
720;['bosch', 'eventi', 'fianc', 'tecnolog', 'diversità']
721;['diesel', 'interessi', 'overview', 'comuni', 'scamb']
763;['power', 'kam', 'merchandisers', 'responsabilita', 'listin']
764;['pag', 'speciali', 'distingue', 'passivo', 'cos']
528;['energet', 'intervent', 'analis', 'efficit', 'individu']
633;['ordin', 'sapere', 'nonantol', 'conferm', 'client']
634;['bosc', 'vit', 'bosch', 'potra', 'donn']
766;['johnson', 'prodott', 'settor', 'chimic', 'spa']
767;['johnson', 'lott', 'settor', 'prodott', 'farmaceut']
733;['johnson', 'sales', 'medical', 'customers', 'pharmaceutical']
709;['johnson', 'prodott', 'laborator', 'janssen', 'settor']
710;['johnson', 'janssen', 'spa', 'settor', 'procedur']
1143;['johnson', 'interfacc', 'product', 'cliniche', 'sanitarie']
1144;['pricing', 'mass', 'johnson', 'canal', 'sull']
1145;['garant', 'fin', 'termin', 'vendita', 'vend']
1184;['integrity', 'var', 'prodott', 'specif', 'conform']
1185;['produzion', 'chimica', 'fluss', 'produtt', 'dipart']
989;['complaints', 'attesi', 'customer', 'gestion', 'inser']
990;['johnson', 'attiv', 'mercato', 'canal', 'material']
991;['clinic', 'assistt', 'tecnic', 'dipart', 'elettromedical']
1055;['raw', 'rmc', 'material', 'portfolio', 'technical']
1056;['packaging', 'hav', 'consumer', 'ensur', 'technical']
901;['johnson', 'material', 'spa', 'settor', 'planning']
902;['johnson', 'execution', 'settor', 'spa', 'produtt']
948;['relat', 'prodotti', 'tirocin', 'forz', 'attiv']
949;['shopper', 'attiv', 'johnson', 'particolare', 'canal']
950;['ordin', 'soll', 'attesi', 'nell', 'inser']
944;['inventory', 'medical', 'supply', 'chain', 'planning']
866;['johnson', 'marketing', 'medical', 'company', 'product']
867;['johnson', 'marketing', 'cologn', 'company', 'janssen']
868;['johnson', 'clinic', 'assistt', 'company', 'tecnic']
830;['johnson', 'esegu', 'puliz', 'rivalid', 'spa']
286;['csc', 'piemonte', 'sugger', 'install', 'assicur']
312;['patologica', 'anatom', 'esistent', 'alto', 'diagnostics']
272;['fiscal', 'fiscali', 'roch', 'uffic', 'ademp']
507;['eventual', 'diagnostics', 'roch', 'fluss', 'supply']
508;['evidt', 'market', 'access', 'scientifici', 'farmacoeconom']
509;['roch', 'reclam', 'prodott', 'interfacc', 'temat']
333;['swa', 'partecip', 'local', 'paes', 'support']
546;['labor', 'priv', 'national', 'esistent', 'roch']
592;['hr', 'funzion', 'particol', 'gestion', 'interfacc']
1154;['roch', 'fluss', 'eventual', 'esemp', 'fattur']
1057;['including', 'business', 'actual', 'updating', 'stakeholders']
1058;['medic', 'provinc', 'promozion', 'scientif', 'microinfusor']
1009;['marketing', 'promozional', 'ecc', 'prodott', 'material']
1010;['interfacc', 'ms', 'diagnostics', 'roch', 'revision']
951;['interfacc', 'ms', 'diagnostics', 'roch', 'revision']
905;['event', 'tool', 'roch', 'realizz', 'marketing']
906;['fluss', 'eventual', 'esemp', 'fattur', 'roch']
839;['feedback', 'applic', 'roch', 'condivid', 'paes']
801;['attual', 'analis', 'funzion', 'paes', 'scelt']
759;['hr', 'roch', 'uman', 'risors', 'compensation']
357;['documentation', 'sdlc', 'softw', 'development', 'regulatory']
358;['engineering', 'management', 'provision', 'maintenanc', 'technology']
342;['reporting', 'dat', 'business', 'analysis', 'diagnostics']
343;['reporting', 'dat', 'business', 'analysis', 'accurate']
678;['valid', 'bioanalit', 'lc', 'stud', 'biolog']
444;['farmacovigilanza', 'avversi', 'istit', 'situ', 'segnal']
446;['controll', 'facilitazioni', 'prime', 'stag', 'site']
449;['marketing', 'healthcare', 'retribuito', 'facilitazioni', 'specialistiche']
450;['scrittur', 'macchinari', 'urs', 'progett', 'capitol']
799;['farma', 'affiancamento', 'durata', 'conness', 'buyer']
800;['espereinz', 'ingegn', 'ancon', 'processo', 'farmaceutiche']
934;['partner', 'farmacovigil', 'accordo', 'pharmacovigilanc', 'risposte']
936;['progett', 'meccanico', 'impiant', 'realizz', 'esecu']
975;['ambiente', 'appar', 'ingegn', 'ancon', 'processo']
976;['marketing', 'sol', 'healthcare', 'durata', 'specialistiche']
977;['ambiente', 'controll', 'funzion', 'sppa', 'dpi']
1018;['farmaceut', 'tecnolog', 'test', 'formul', 'chimic']
1019;['ingegn', 'ambiente', 'appar', 'ancon', 'processo']
674;['trad', 'dimestichezz', 'sell', 'marketing', 'promozional']
675;['il', 'consegne', 'conferma', 'dimestichezza', 'la']
676;['plastic', 'stampagg', 'rocc', 'bormiol', 'academy']
970;['capac', 'farmaceutico', 'marketing', 'organizz', 'suddett']
971;['scienz', 'ingegner', 'produzione', 'rispecc', 'biopharma']
779;['chimic', 'campion', 'anal', 'farmaceut', 'qualit']
780;['microbiolog', 'anal', 'qualit', 'procedur', 'var']
1141;['health', 'hta', 'economics', 'market', 'reimbursement']
1142;['sponsorizz', 'gestion', 'donazion', 'umanistiche', 'attività']
1161;['manufacturing', 'repart', 'qualità', 'division', 'produzion']
1177;['clinical', 'pharmacokinetics', 'development', 'scientific', 'assigned']
1062;['aggiorn', 'coordin', 'excellanc', 'riunion', 'efficienza']
1063;['microbiolog', 'laboratorio', 'laborator', 'impegno', 'cepp']
1001;['principal', 'promozione', 'respirator', 'regressioni', 'prescrizioni']
1002;['scientif', 'prepar', 'font', 'medical', 'material']
913;['prepar', 'buon', 'support', 'drug', 'orphan']
918;['marketing', 'support', 'prepar', 'brand', 'compett']
919;['farmacolog', 'pulmonary', 'diseases', 'neonatology', 'rar']
963;['output', 'quantit', 'pianif', 'analis', 'sfe']
964;['prepar', 'meeting', 'support', 'material', 'brand']
784;['arter', 'elis', 'polmon', 'farmacolog', 'vasodilat']
785;['dopp', 'ragioner', 'centralin', 'scolast', 'manageriali']
1263;['ra', 'affairs', 'regulatory', 'etichette', 'illustrativi']
1267;['cred', 'privati', 'client', 'gestion', 'modal']
1268;['dimostr', 'laboratorio', 'dovr', 'chimico', 'il']
1269;['stabil', 'mesi', 'anagn', 'prosecu', 'linea']
1270;['approvvigion', 'contest', 'dimostr', 'produzione', 'struttur']
1271;['sanof', 'tirocin', 'var', 'compliance', 'medical']
1272;['ambiental', 'stabilimento', 'avveng', 'strett', 'hse']
1273;['funzione', 'mensil', 'svolg', 'dedicati', 'sprovvist']
1274;['lanc', 'funzion', 'marketing', 'support', 'dermatologia']
1031;['provinc', 'punt', 'geografica', 'disponibilita', 'ricerchiamo']
1032;['informativi', 'direzion', 'mil', 'mangement', 'ppm']
1146;['infin', 'logist', 'produrrann', 'trasporto', 'depos']
1147;['stor', 'mett', 'premiati', 'acedemy', 'manageriali']
1169;['affinanc', 'assort', 'articoli', 'beverag', 'carrefour']
1170;['digital', 'marketing', 'dove', 'andand', 'promoss']
1121;['managing', 'agencies', 'internal', 'marketing', 'stakeholders']
1122;['hr', 'interns', 'comfortabl', 'variety', 'ability']
1123;['channels', 'hr', 'digital', 'communication', 'comfortabl']
1124;['analysis', 'statistics', 'amplifon', 'eme', 'level']
1125;['hav', 'test', 'oral', 'skills', 'written']
1126;['verify', 'requests', 'team', 'completeness', 'enhancements']
1127;['marketing', 'creazion', 'support', 'scadenze', 'btl']
1035;['excellenc', 'analis', 'creazione', 'maturate', 'provigional']
1036;['consegu', 'pianif', 'replenishment', 'inventar', 'funzionale']
1190;['fashion', 'training', 'alli', 'academy', 'accadem']
1191;['marginalità', 'rinascente', 'adattamento', 'dovrann', 'infin']
816;['accogl', 'sport', 'rend', 'ogni', 'client']
817;['accogl', 'sport', 'rend', 'ogni', 'client']
818;['accogl', 'sport', 'rend', 'ogni', 'client']
861;['accogl', 'sport', 'rend', 'ogni', 'client']
862;['accogl', 'sport', 'rend', 'ogni', 'client']
937;['adatto', 'passione', 'insegna', 'potrai', 'layout']
938;['esser', 'omnicanal', 'decathlon', 'prodott', 'promotor']
940;['esser', 'omnicanal', 'decathlon', 'prodott', 'promotor']
665;['stazion', 'impiant', 'meccan', 'italiane', 'inferior']
667;['pubblicitar', 'stazion', 'inferior', 'statistica', 'entrar']
669;['punt', 'vend', 'retail', 'approcc', 'movimento']
689;['dirett', 'vivra', 'nutr', 'preferibilmente', 'privileg']
690;['digital', 'offline', 'ha', 'pr', 'web']
797;['statist', 'vend', 'commercial', 'matemat', 'ordin']
798;['produzion', 'prim', 'mater', 'collezioni', 'estere']
863;['vend', 'piac', 'grintoso', 'energico', 'riassort']
864;['adob', 'os', 'multimedial', 'conten', 'content']
865;['collezioni', 'creazion', 'accessor', 'campionatur', 'cartell']
719;['carrozzer', 'ex', 'aut', 'verniciatur', 'savon']
597;['vendita', 'ex', 'provinc', 'sistem', 'formazion']
598;['marketing', 'vide', 'grafic', 'sit', 'editing']
609;['banc', 'tip', 'prodott', 'dipendt', 'prevede']
613;['controlling', 'zone', 'eventual', 'ex', 'commerciale']
618;['util', 'ex', 'amministr', 'ms', 'premianti']
619;['prodott', 'ecc', 'würth', 'fiere', 'vendita']
1038;['grafic', 'würth', 'graphic', 'offlin', 'sempr']
535;['cart', 'om', 'express', 'vend', 'venditor']
536;['cart', 'om', 'express', 'vend', 'venditor']
537;['om', 'dialog', 'partner', '03', 'ciampino']
531;['express', 'american', '03', 'italo', 'raggiunti']
404;['immobiliar', 'immobil', 'propriet', 'agent', 'vend']
77;['negoz', 'atelier', 'vis', 'anim', 'prodotti']
37;['cos', 'prend', 'cas', 'spir', 'risult']
825;['relazion', 'cap', 'client', 'negoz', 'moment']
826;['negoz', 'piac', 'bricolag', 'negozi', 'veloce']
827;['negoz', 'far', 'mod', 'piac', 'bricocenter']
945;['merchandiser', 'mod', 'prodott', 'cos', 'architettur']
946;['negoz', 'piac', 'favor', 'iniz', 'condivid']
947;['relazion', 'client', 'cap', 'negozio', 'squadr']
896;['piac', 'estern', 'material', 'comun', 'squadr']
899;['negoz', 'favor', 'giust', 'cune', 'accoglierli']
180;['accessorist', 'telefonia', 'tablet', 'commercial', 'colleghi']
181;['accessorist', 'telefonia', 'tablet', 'commercial', 'colleghi']
455;['etichettatur', 'traduzion', 'test', 'altra', 'commercializz']
701;['potra', 'format', 'gradu', 'percors', 'program']
702;['acquist', 'avvincent', 'uffic', 'buyer', 'ideazion']
978;['immobil', 'ristruttur', 'nuov', 'econom', 'esistent']
979;['offerta', 'repart', 'lavor', 'amministr', 'linguistico']
871;['immobil', 'ristruttur', 'esistent', 'nuov', 'prepost']
880;['stor', 'punt', 'manager', 'vend', 'es']
926;['81', '2015', 'dlgs', 'distribu', 'vend']
927;['punt', 'vend', 'squadr', 'lavasciuga', 'formular']
928;['logist', 'merc', 'piattaform', 'prepar', 'destin']
786;['organizz', 'contabilizz', 'riservatezza', 'elabor', 'lavor']
787;['segreter', 'bilingu', 'direzion', 'gestion', 'organizz']
1382;['format', 'percors', 'universitar', 'gradu', 'vend']
1380;['lidl', 'acquist', '37040', 'ruff', 'vr']
731;['iperstor', 'apprendisti', 'festivo', 'mont', 'oraria']
735;['cass', 'sconto', 'fornire', 'fedeltà', 'erba']
722;['direttor', 'merlin', 'leroy', 'commercial', 'strateg']
723;['propr', 'vendita', 'lisson', 'maps', 'mestiere']
981;['passagg', 'cass', 'accoglit', 'squadr', 'scontrin']
982;['management', 'project', 'chang', 'supply', 'chain']
869;['management', 'project', 'chang', 'supply', 'chain']
870;['bilanc', 'conosc', 'aziendale', 'milanofior', 'redatt']
813;['leggibil', 'spir', 'cortesia', 'scolastico', 'attraenti']
814;['giul', 'torin', 'cors', 'risors', 'esecuzione']
711;['stor', 'manager', 'divent', 'cerc', 'formatori']
712;['entr', 'valori', 'rispecchin', 'neolaur', 'bat']
602;['protett', 'inval', 'fondamentale', 'cat', 'bat']
468;['gestion', 'stag', 'affiliazione', 'debb', 'curriculare']
469;['stor', 'te', 'aw', 'affrontin', 'sneakers']
383;['punt', 'vend', 'salmoiraghi', 'viganò', 'scrupolos']
386;['chiamata', 'città', 'domenica', 'concess', 'foto']
387;['chiamata', 'città', 'domenica', 'concess', 'foto']
364;['vend', 'dedizion', 'affidati', 'turnazione', 'vistas']
366;['ottic', 'fototessera', 'abilitazione', 'vistas', 'retribuito']
367;['addetto', 'vend', 'ottico', 'bolz', 'pubblic']
736;['negoz', 'determin', 'piacenz', 'gamestop', 'temp']
771;['negoz', 'buccinasc', 'venerdì', 'mensili', 'funzion']
772;['support', 'organigrammi', 'aule', 'colloqui', 'dovrann']
239;['obi', 'ferrament', 'grand', 'superf', 'vend']
240;['obi', 'garden', 'giardinagg', 'grand', 'superf']
161;['punt', 'pianific', 'gest', 'vend', 'margine']
9;['obi', 'cap', 'punt', 'svilupp', 'vend']
10;['lon', 'gard', 'musicale', 'divertente', 'tiger']
488;['format', 'tirocinante', 'umiltà', 'merce', 'conduzion']
489;['format', 'tirocinante', 'umiltà', 'merce', 'conduzion']
490;['format', 'tirocinante', 'umiltà', 'merce', 'conduzion']
492;['format', 'tirocinante', 'umiltà', 'merce', 'conduzion']
620;['attiv', 'pagh', 'cedolini', 'molise', 'abruzzo']
621;['saranno', 'negoziazione', 'store', 'ruol', 'coerent']
552;['saranno', 'negoziazione', 'store', 'ruol', 'coerent']
564;['negoz', 'svilupp', 'squadr', 'compett', 'negozio']
374;['cap', 'fas', 'percorso', 'dur', 'alli']
375;['corrett', 'entrat', 'spaz', 'negozio', 'merc']
376;['web', 'digital', 'fas', 'project', 'esperit']
377;['web', 'digital', 'fas', 'project', 'esperit']
1383;['fas', 'cap', 'dur', 'percorso', 'mesi']
1384;['responsabilità', 'squadra', 'trasparenti', 'professionista', 'affinc']
1385;['logist', 'responsabilità', 'second', 'precisi', 'casse']
1386;['responsabilità', 'hostess', 'cass', 'ascolto', 'denar']
603;['hilt', 'potra', 'vend', 'risult', 'eccezionali']
659;['hilt', 'potra', 'svilupp', 'punt', 'ruol']
534;['engineering', 'overseas', 'oil', 'familiarity', 'parm']
1107;['provincia', 'rapport', 'vendita', 'mil', 'prevederà']
1292;['mep', 'condizion', 'impiant', 'prov', 'costruzion']
1293;['mep', 'condizion', 'impiant', 'prov', 'costruzion']
1029;['dimension', 'uni', 'superior', 'common', 'en']
1199;['campagn', 'prodotti', 'brand', 'prepar', 'campagna']
1200;['recuper', 'registr', 'archivio', 'ec', 'office']
513;['googl', 'seo', 'tag', 'conosct', 'analytics']
726;['magent', 'modal', 'esperit', 'modul', 'conosct']
727;['filoblu', 'assistt', 'risors', 'offres', 'marzio']
635;['candidates', 'employer', 'communications', 'branding', 'programmes']
672;['reward', 'programs', 'policies', 'rol', 'implementation']
673;['analysis', 'customer', 'deep', 'knowledg', 'identify']
781;['yoox', 'world', 'campaign', 'relation', 'clos']
782;['payment', 'payments', 'skills', 'ynap', 'excellent']
783;['fittings', 'sampl', 'ensur', 'development', 'product']
395;['ecc', 'intervent', 'conosct', 'sistem', 'vmware']
397;['scop', 'intratten', 'rapport', 'formul', 'offering']
398;['periodo', 'relazional', 'ottim', 'warehouse', 'esperit']
406;['pecall', 'gra', 'tiburtin', 'http', 'zon']
407;['pecall', 'gra', 'tiburtin', 'http', 'zon']
408;['pecall', 'gra', 'tiburtin', 'http', 'zon']
345;['tests', 'products', 'certification', 'rad', 'preliminary']
346;['learning', 'deep', 'machin', 'vision', 'dl']
477;['headquarter', 'improv', 'sap', 'corpor', 'lipp']
478;['design', 'electronics', 'bt', 'experienc', 'technical']
479;['manag', 'customer', 'order', 'credit', 'accordanc']
480;['mechanical', 'parts', '3d', 'design', 'opto']
686;['tests', 'testing', 'compatibility', 'thermal', 'electromagnetic']
339;['supply', 'chain', 'material', 'coadiuv', 'parametr']
341;['amministr', 'contabilità', 'past', 'impres', 'fiss']
541;['san', 'aud', 'milanes', 'navett', 'don']
716;['vendor', 'market', 'margin', 'product', 'provision']
519;['based', 'jav', 'napol', 'developer', 'good']
788;['milion', 'laur', 'stag', 'laureand', 'realt']
789;['day', 'impaginazione', 'sketch', 'realizzazione', 'editorial']
857;['diritt', 'legal', 'tutel', 'relat', 'milion']
858;['vedr', 'project', 'ret', 'roll', 'work']
872;['gft', 'angularjs', 'web', 'jquery', 'java']
997;['approfond', 'jstl', 'servlet', 'oracl', 'stack']
1006;['pioltell', 'mi', 'commun', 'possibilita', 'showroom']
831;['prassel', 'python', 'propr', 'linux', 'postgresql']
833;['prassel', 'propr', 'frontend', 'backend', 'competente']
834;['prassel', 'android', 'propr', 'sdk', 'smartphon']
860;['vlc2', 'swift', 'nat', 'android', 'ios']
280;['engagement', 'delivery', 'project', 'customer', 'acceptanc']
281;['delivery', 'account', 'microsoft', 'services', 'ade']
724;['becaus', 'methodology', 'knowledg', 'developing', 'passionate']
599;['becaus', 'methodology', 'knowledg', 'developing', 'passionate']
530;['facebook', 'med', 'motivated', 'hav', 'international']
86;['app', 'unity3d', 'nat', 'net', 'server']
175;['vem', 'piattaform', '30', 'mydev', 'web']
176;['30', 'server', 'ral', 'vem', 'compett']
177;['vem', 'assistt', '30', 'noc', 'switch']
178;['vem', 'networking', '30', 'routing', 'switching']
193;['caratterist', 'preferenzial', 'requis', 'èquip', 'erba']
892;['test', 'èquip', 'er', 'erog', 'erbos']
893;['annunc', 'descrizion', 'rivolt', 'dell', 'intern']
266;['firmw', 'elettron', 'analogica', 'mathworks', 'microcontrollor']
267;['component', 'industrializz', 'plastic', 'prodott', 'fornitor']
414;['sharepoint', 'microsoft', 'net', 'buon', 'jobs']
321;['grupp', 'scai', 'sca', 'bologna', 'servizi']
322;['grupp', 'sca', 'scai', 'spring', 'conosct']
292;['web', 'nuov', 'conosct', 'art', 'javascript']
730;['vodafon', 'internship', 'program', 'internazionale', 'cors']
7;['ads', 'avvi', 'svilupp', 'formazion', 'period']
187;['spring', 'hibernate', 'usat', 'eclipse', 'farm']
188;['net', 'asp', 'microsoft', 'framework', 'server']
189;['configur', 'openstack', 'docker', 'amazon', 'aws']
325;['strategico', 'struttur', '00', 'pre', 'bologn']
326;['strategico', 'struttur', '00', 'pre', 'bologn']
327;['soluzion', 'architettural', 'contribu', '00', 'applic']
331;['telefon', 'test', 'analis', 'anomal', 'listing']
332;['services', 'web', 'cloud', 'perl', 'orlacle']
1297;['privacy', 'reg', 'sg', 'gi', '1101']
1298;['lgs', 'privacy', 'gi', 'gigroup', 'sg']
1193;['esegu', 'win', 'manutenzion', 'server', 'attiv']
1194;['esegu', 'win', 'manutenzion', 'server', 'attiv']
1221;['tibc', 'bpm', 'infrastruttur', 'tecnolog', 'partner']
1222;['kp', 'apprend', 'stag', 'prim', 'indetermin']
1225;['saper', 'fare', 'offriam', 'personal', 'net']
1226;['riconversion', 'tasking', 'tibco', 'minime', 'lavora']
1232;['xa', 'pacchetti', 'elettrorapido', 'eplan', 'ige']
1012;['contrattuale', 'inquadr', 'conosct', 'orma', 'wp']
1008;['php', 'wordpress', 'contrattuale', 'programm', 'conosct']
1183;['net', 'programm', 'contrattuale', 'inquadr', 'tecnic']
1171;['optional', 'personnel', 'management', 'sap', 'serviz']
1016;['ingegner', 'sql', 'buon', 'tsql', 'neolaur']
1033;['telecomunicazioni', 'serviz', 'energ', 'soluzion', 'mondo']
1034;['design', 'definizion', 'moment', 'finale', 'membr']
1020;['developers', 'choic', 'aws', 'stack', 'lov']
1150;['account', 'sap', 'sales', 'customers', 'prospects']
1152;['industry', 'siemens', 'plm', 'engagement', 'valu']
1153;['sicilia', 'calabr', 'territor', 'diagnostics', 'manager']
1176;['drives', 'motors', 'siemens', 'control', 'sales']
1101;['milano', '03', 'nota', 'forester', 'sens']
1103;['desk', 'help', 'dell', 'verr', 'catalogazione']
1104;['03', 'ss', 'sens', 'rif', 'bu']
1303;['interesse', 'ingegner', 'ict', 'manutenzion', 'direzioni']
1310;['energet', 'fattibil', 'stud', 'redazion', 'risp']
1311;['offert', 'inert', 'preventiv', 'siram', 'gara']
1312;['energetico', 'strument', 'raccolt', 'efficient', 'analis']
1304;['snam', 'hack', 'hackathon', 'farm', 'ottobre']
1305;['enterpris', 'risc', 'risk', 'snam', 'identif']
1306;['snam', 'digital', 'infrastruttur', 'evolu', 'realizz']
1323;['snam', 'sintes', 'support', 'progett', 'avanz']
1324;['bilanc', 'snam', 'gas', 'annual', 'consolid']
1325;['snam', 'gas', 'stimolante', 'unit', 'principal']
566;['qualit', 'riguard', 'quand', 'aziendal', 'analizz']
668;['negoz', 'sell', 'goldenpoint', 'magazzin', 'press']
677;['casert', 'provinc', 'protett', 'art', '99']
685;['energica', 'caratterizzano', 'versatil', 'affidate', 'maturità']
705;['casert', 'provinc', 'protett', 'art', '99']
706;['europe', 'della', 'extraeuropeo', 'territor', 'export']
809;['social', 'brand', 'pro', 'id', 'immagin']
932;['prodotto', 'ottimizz', 'process', 'componenti', 'ricercata']
933;['rm', 'automunita', 'rom', 'diplomata', 'estroversa']
996;['rm', 'automunita', 'rom', 'diplomata', 'estroversa']
998;['allievo', 'rm', 'stor', 'retail', 'flessibili']
1375;['estroverse', 'vetrine', 'allestimento', 'riassort', 'positive']
1376;['energica', 'caratterizzano', 'gestion', 'affidate', 'versatil']
1379;['estroverse', 'positive', 'maturità', 'color', 'protette']
1381;['vetrine', 'allestimento', 'riassort', 'estroversa', 'diplomata']
1388;['vetrina', 'vetrin', 'esposit', 'merchandising', 'spaz']
1390;['retail', 'stock', 'definizion', 'consuntiv', 'outlet']
1314;['victoria', 'secret', 'brand', 'retail', 'energia']
1372;['stor', 'bras', 'brand', 'team', 'vend']
241;['uiip', 'unilever', 'supply', 'chain', 'settembre']
113;['webin', 'president', 'unilever', 'webinar', 'vic']
1108;['spron', 'brillant', '19', 'unilever', 'ambientali']
952;['prov', 'èquip', 'esam', 'errors', 'error']
956;['ll', 'knowledg', 'differenc', 'involved', 'activating']
957;['knowledg', 'll', 'good', 'approach', 'ics']
959;['ll', 'knowledg', 'transportation', 'good', 'engineering']
961;['knowledg', 'll', 'good', 'verification', 'prevent']
962;['ll', 'equipment', 'knowledg', 'good', 'engineering']
1040;['knowledg', 'll', 'continuous', 'improvement', 'lean']
984;['ll', 'knowledg', 'good', 'engineering', 'achieved']
988;['knowledg', 'journalism', 'good', 'ast', 'qualifications']
923;['marketing', 'trad', 'definition', 'order', 'monitor']
924;['driver', 'presid', 'fornitor', 'marketing', 'budget']
925;['manutenzione', 'manutenzion', 'analis', 'beni', 'pms']
972;['sistem', 'test', 'coonosct', 'kanban', 'semilavorati']
973;['parametr', 'caratterist', 'influt', 'deviazion', 'mescol']
1027;['rdw', 'magazzin', 'distribu', 'mensil', 'pianif']
1053;['canal', 'coordin', 'dealer', 'mktg', 'codif']
1054;['riduzion', 'sigma', 'partecipazione', 'spc', 'paccett']
1180;['improvement', 'manufacturing', 'industrial', 'plants', 'programs']
1181;['prezz', 'equipagg', 'mercati', 'sistem', 'pricing']
1182;['compounds', 'properties', 'materials', 'work', 'manufacturing']
1046;['az', 'globale', 'poter', 'affront', 'mett']
715;['scienz', 'fort', 'manfrott', 'parlin', 'campi']
819;['stampi', 'macchinar', 'conosc', '3d', 'impiant']
353;['whirlpool', 'european', 'world', 'locations', 'develop']
438;['materials', 'development', 'engineering', 'technology', 'cost']
439;['motor', 'control', 'embedded', 'tools', 'targets']
440;['product', 'market', 'development', 'departments', 'products']
441;['systems', 'sap', 'hana', 'apo7', 'supply']
648;['field', 'analysis', 'forc', 'daily', 'develop']
584;['pill', 'whirlpool', 'production', 'manufacturing', 'support']
526;['finished', 'goods', 'inventory', 'industrial', 'prep']
840;['design', 'works', 'ideas', 'using', 'cad']
841;['market', 'referenc', 'product', 'country', 'markets']
842;['market', 'referenc', 'product', 'country', 'markets']
775;['marketing', 'exhibitions', 'agencies', 'pr', 'product']
776;['sgq', 'quality', 'standards', 'improvement', 'elic']
931;['social', 'attività', 'creazion', 'buon', 'conten']
986;['iot', 'functional', 'appliances', 'verification', 'non']
987;['suppliers', 'best', 'records', 'conditions', 'technical']
707;['designing', 'mechanical', 'product', 'aim', 'metal']
708;['electric', 'electronic', 'designing', 'motors', 'various']
656;['designing', 'mechanical', 'metal', 'fem', 'sheet']
790;['sicurezz', 'potenzial', 'polit', 'scienz', 'risc']
791;['powerpoint', 'interveng', 'scritte', 'revisione', 'statutory']
828;['supporting', 'security', 'construction', 'company', 'billion']
837;['assisting', 'accounting', 'general', 'statements', 'preparation']
838;['accounting', 'excellent', 'activities', 'internship', 'written']
732;['impregil', 'salin', 'grupp', 'par', '100']
907;['budget', 'reporting', 'consolidated', 'direzionale', 'provenienza']
908;['cost', 'commessa', 'reali', 'geometr', 'buona']
967;['contabil', 'general', 'stud', 'assistt', 'tesoreria']
968;['percors', 'avv', 'spagnolo', 'coraggio', 'gestional']
969;['expediting', 'trasport', 'rapport', 'broker', 'dogane']
1155;['tecnic', 'civile', 'ingegner', 'votazioni', 'edilizi']
1156;['expediting', 'trasport', 'rapport', 'svolgimento', 'efficacemente']
687;['asset', 'societ', 'capac', 'redazion', 'powerpoint']
144;['ni', 'schindler', 'nuov', 'architett', 'reclam']
405;['children', 'kindergarten', 'explor', 'problems', 'learn']
128;['program', 'lead', 'hav', 'development', 'stag']
130;['program', 'lead', 'hav', 'development', 'stag']
190;['frett', 'fin', 'estetica', 'artigianal', 'adorn']
551;['div', 'opzionale', 'core', 'correl', 'stranier']
725;['cad', 'cam', 'spiccat', 'motivati', 'talenti']
693;['minim', 'operations', 'ingegner', 'laureand', 'bl']
1287;['momento', 'b2', 'necessario', 'superior', 'apert']
1291;['great', 'car', 'customer', 'english', 'equipollent']
1346;['protom', 'comportin', 'aerospaziale', 'beneficiar', 'riduzion']
1284;['studiodavola', 'davol', 'giusepp', 'giuseppe', 'davola']
1257;['stelle', 'privacy', 'preprazion', 'cuoc', 'capo']
1258;['prepar', 'privacy', 'creme', 'struttr', 'dolce']
1259;['alberghiero', 'centr', 'privacy', 'tursim', 'spiegazion']
1260;['hotel', '00', 'alberghier', 'relat', 'orar']
1261;['camerier', '00', 'sal', 'orar', 'privacy']
1262;['00', 'ccnl', 'lgs', 'riposo', 'curati']
713;['bw', 'sap', 'napol', 'dovr', 'divers']
714;['services', 'marcon', 'divid', 'spez', 'prescelti']
1151;['svilupp', 'linux', 'softw', 'udp', 'qt']
1112;['sistem', 'compless', 'teor', 'decomposizion', 'radar']
1115;['tool', 'real', 'alter', 'vhdl', 'vivado']
554;['corpor', 'financ', 'ey', 'finance', 'meet']
792;['ingegner', 'advisory', 'inferior', 'ey', 'carrier']
793;['assuranc', 'inferior', 'ey', 'informatici', 'revision']
794;['ingegner', 'advisory', 'inferior', 'ey', 'carrier']
795;['ingegner', 'advisory', 'inferior', 'ey', 'carrier']
829;['ey', 'tax', 'offrir', 'comunicativ', 'potenziare']
903;['digital', 'tecnologie', 'ey', 'invest', 'innovation']
985;['ey', 'parlata', 'laur', 'scritt', 'amb']
1028;['cyber', 'cybersecurity', 'investigation', 'profession', 'ey']
1017;['improvement', 'performanc', 'modell', 'sistem', 'ampi']
1148;['operations', 'supply', 'chain', 'trasversal', 'abbracc']
1149;['stemintothefutur', 'person', 'ey', 'digital', 'trasform']
1172;['ey', 'professionals', 'development', 'help', 'wher']
1228;['corpor', 'financ', 'ey', 'meet', '2018']
1251;['meet', 'assurance', 'neo', 'cap', 'rend']
768;['ambiental', 'sal', 'audit', 'sicurezz', 'luog']
769;['strategy', 'performanc', 'fisico', 'operative', 'candid']
770;['dat', 'business', 'intelligenc', 'analytics', 'ingegner']
941;['trov', 'poss', 'normativi', 'conseguimento', 'mancare']
942;['financ', 'clos', 'integrated', 'candid', 'function']
943;['fiscal', 'fisiche', 'approfond', 'tassazion', 'expatriate']
894;['contabil', 'ifrs', 'bancar', 'definizion', 'focus']
895;['utent', 'finanz', 'vers', 'funzional', 'temat']
850;['funzional', 'utent', 'realizz', 'pp', 'mm']
851;['ristruttur', 'deb', 'industrial', 'finanziar', 'planning']
852;['ambiental', 'sal', 'sicurezz', 'luog', 'audit']
853;['document', 'dat', 'kpmg', 'forensic', 'obiett']
760;['ict', 'nolan', 'norton', 'impres', 'leg']
761;['intermediar', 'normat', 'controll', 'complianc', 'progett']
992;['ambiental', 'sal', 'sicurezz', 'luog', 'audit']
993;['strategy', 'verticalizz', 'transportation', 'candid', 'interess']
994;['learning', 'scienz', 'educ', 'comunicazione', 'economiche']
1044;['hr', 'recruiting', 'attint', 'tesi', 'extracurricular']
1045;['definizion', 'ehealth', 'direzionali', 'organizzativo', 'strateg']
1209;['convers', 'performanc', 'testi', 'fisico', 'operative']
1215;['serviz', 'forensic', 'intellectual', 'property', 'fraud']
1216;['throug', 'digital', 'robotics', 'wher', 'business']
1217;['throug', 'digital', 'robotics', 'wher', 'business']
1218;['throug', 'digital', 'robotics', 'wher', 'business']
1137;['plus', 'regolamentare', 'indott', 'consider', 'informatica']
1138;['report', 'conten', 'propension', 'tecnologia', 'candid']
1309;['dat', 'ingegner', 'informatica', 'curriculare', 'etl']
1277;['strategy', 'performanc', 'verticalizz', 'fisico', 'transportation']
1278;['amministr', 'scit', 'pubblic', 'public', 'definizion']
1279;['soluzion', 'sd', 'distribution', 'logistic', 'sap']
1285;['view', 'utent', 'funzional', 'han', 'script']
1299;['dat', 'ingegner', 'informatica', 'etl', 'microstrategy']
1300;['dat', 'ingegner', 'informatica', 'etl', 'microstrategy']
1302;['memorandum', 'sid', 'creditiz', 'modelling', 'performing']
1252;['ridisegn', 'analis', 'interessata', 'pubblic', 'organizzativi']
1253;['funzional', 'utent', 'realizz', 'lavor', 'tagetik']
1255;['intermediar', 'controll', 'complianc', 'progett', 'audit']
1256;['finanziar', 'kpmg', 'planning', 'trov', 'poss']
1229;['analis', 'metodolog', 'econom', 'ex', 'coinvolg']
1230;['autom', 'rpa', 'process', 'funzional', 'financial']
1231;['autom', 'rpa', 'process', 'funzional', 'financial']
1223;['business', 'sql', 'db', 'analytics', 'intelligenc']
1224;['business', 'sql', 'db', 'analytics', 'intelligenc']
1227;['contabil', 'reporting', 'ademp', 'fiscal', 'bilanc']
1239;['advisory', 'finanziar', 'kpmg', 'restructuring', 'grad']
1241;['ambiental', 'sal', 'audit', 'sicurezz', 'luog']
1374;['kicc', 'bootcamp', 'novembr', 'dev', '2018']
1367;['kicc', 'bootcamp', 'novembr', 'dev', '2018']
1368;['kicc', 'bootcamp', 'novembr', 'dev', '2018']
1369;['kicc', 'bootcamp', 'novembr', 'dev', '2018']
1370;['kicc', 'bootcamp', 'novembr', 'dev', '2018']
854;['accounting', 'ifrs', 'inferior', 'amministrazione', 'controll']
855;['clients', 'financial', 'services', 'financialadvisory', 'debt']
856;['risk', 'sull', 'pien', 'sistem', 'tal']
805;['definizion', 'ambit', 'deloitt', 'tecnolog', 'sintes']
806;['cfo', 'modell', 'definizion', 'deloitt', 'soluzion']
807;['deloitt', 'analytics', 'dat', 'implement', 'statist']
808;['hr', 'manutenzion', 'retributivi', 'consistt', 'compensationand']
873;['deloitt', 'analytics', 'dat', 'implement', 'statist']
874;['sull', 'pien', 'sistem', 'tal', 'bi']
875;['definizion', 'architettur', 'strategy', 'tecnolog', 'dati']
876;['transformation', 'digital', 'mod', 'proatt', 'collabor']
877;['strategy', 'ability', 'monitordeloitt', 'deloitt', 'monitor']
878;['analytics', 'dat', 'clienti', 'deloitt', 'statist']
879;['analytics', 'dat', 'clienti', 'deloitt', 'statist']
1113;['deloitt', 'italy', 'deloitte', 'italia', 'sitowww']
1114;['deloitt', 'italy', 'risolu', 'support', 'italia']
1348;['clienti', 'collabor', 'impatt', 'architettur', 'soluzion']
1357;['cloud', 'clienti', 'collabor', 'azur', 'impatt']
1361;['soluzion', 'erp', '365', 'dynamics', 'microsoft']
1363;['365', 'dynamics', 'microsoft', 'clienti', 'collabor']
1364;['deloitt', 'cyber', 'risk', 'serviz', 'talent']
1365;['deloitt', 'clienti', 'dttl', 'member', 'firm']
1366;['deloitt', 'clienti', 'soluzion', 'dttl', 'member']
1373;['risk', 'deloitt', 'risc', 'serviz', 'advisory']
1339;['clienti', 'transformation', 'impatt', 'ver', 'domand']
1340;['collabor', 'impatt', 'clienti', 'compless', 'ver']
1342;['collabor', 'impatt', 'clienti', 'ver', 'domand']
1343;['deloitt', 'clienti', 'dttl', 'member', 'firm']
1344;['deloitt', 'risk', 'serviz', 'advisory', 'machin']
1345;['deloitt', 'clienti', 'dttl', 'member', 'impatt']
323;['mett', 'vuoi', 'indicato', 'sei', 'dotazion']
389;['unhcr', 'umanitar', 'fac', '03', 'rifug']
390;['unhcr', 'umanitar', 'fac', '03', 'malpensa']
503;['accentur', 'definizion', 'abitu', 'velocemente', 'ecommerc']
504;['contabil', 'camb', 'modell', 'imprenditorialità', 'strategici']
506;['accentur', 'cagliar', 'delivery', 'ingegner', 'cresc']
580;['cyber', 'security', 'gom', 'sicurezz', 'incident']
638;['soluzion', 'end', 'disegn', 'tecnolog', 'innov']
639;['entra', 'trasform', 'financial', 'rivoluzion', 'services']
640;['accentur', 'technology', 'applic', 'soluzion', 'oracle']
641;['analytics', 'digital', 'soluzion', 'end', 'nuov']
642;['cloud', 'networking', 'operations', 'accentur', 'tecnolog']
643;['mondo', 'best', 'inclusion', 'lim', 'disegn']
1116;['strategy', 'technology', 'deal', 'operating', 'accentur']
1117;['acquis', 'best', 'progett', 'potra', 'inclusion']
1118;['accentur', 'scopr', 'best', 'viv', 'gestion']
1025;['progett', 'scenar', 'accentur', 'telecomunicazioni', 'trasform']
1026;['social', 'med', 'strategist', 'digital', 'aument']
974;['gestion', 'viv', 'format', 'e2e', 'home']
929;['disegn', 'soluzion', 'innov', 'ret', 'big']
930;['consulting', 'emozione', 'entertainment', 'ottica', 'livell']
796;['trasform', 'entra', 'rivoluzion', 'integr', 'accentur']
815;['trasform', 'disegn', 'modell', 'accentur', 'contabil']
544;['chimic', 'besan', 'lgs', 'brianza', 'assunzione']
604;['knowledg', 'languag', 'products', 'availabl', 'scienc']
1205;['immed', 'inserite', 'cittadin', 'esperto', 'autorizzate']
1206;['f2f', 'immed', 'campagn', 'selezionate', 'info']
1219;['promozion', 'garantito', 'incentivanti', 'pubblic', 'selezion']
1202;['organ', 'recap', 'stazioni', 'incaric', 'residenziali']
581;['triennal', 'la', 'candidato', 'apl', 'intiway']
582;['triennal', 'la', 'candidato', 'apl', 'intiway']
583;['triennal', 'la', 'candidato', 'apl', 'intiway']
1136;['pwc', 'hr', 'network', 'serviz', 'human']
1059;['tax', 'tls', 'services', 'fiscale', 'assistt']
1060;['branding', 'network', 'employer', 'pwc', 'predisposizion']
1061;['strategy', 'pwc', 'client', 'sfer', 'sistem']
965;['ppp', 'project', 'infrastruttural', 'energ', 'consulenza']
966;['c1', 'riservatezz', 'negozial', 'recuper', 'telefonico']
1004;['anagraf', 'network', 'inser', 'pwc', 'colleg']
1005;['scritt', 'concorsuali', 'conseguita', 'prescelt', 'procedur']
909;['recuper', 'ifs', '17_c', '004', 'c1']
910;['stabil', 'ott', 'informatica', 'settembr', 'positivo']
843;['infrastractur', 'ott', 'transportation', 'sfer', 'internazionale']
844;['tls', 'legal', 'avvoc', 'assoc', 'pwc']
845;['pwc', 'analytics', 'customer', 'sfer', 'network']
846;['performanc', 'pwc', 'sistem', 'sfer', 'inform']
847;['intelligent', 'automation', 'ingegner', 'process', 'algoritm']
848;['crm', 'ottimizz', 'customer', 'marketing', 'pwc']
849;['crm', 'ottimizz', 'customer', 'marketing', 'pwc']
1003;['fotograf', 'estiv', 'minim', 'caric', 'agosto']
461;['body', 'ginnast', 'villagg', 'dispon', 'combact']
462;['insegn', 'villagg', 'leg', 'dispon', 'maestro']
463;['ristor', 'club', 'dispon', 'organizza', 'assenza']
464;['èquip', 'desk', 'serviz', 'soggiorn', 'conflitt']
465;['check', 'alberghier', 'club', 'fattur', 'villagg']
466;['equip', 'villagg', 'vigil', 'club', 'igien']
30;['piatt', 'dispon', 'recl', 'svizzer', 'montagn']
116;['club', 'accompagn', 'soccors', 'costum', 'suggestion']
117;['sport', 'villagg', 'dispon', 'polivalent', 'volley']
118;['sport', 'villagg', 'dispon', 'polivalent', 'volley']
122;['club', 'bambin', 'baby', 'adatt', 'scienz']
124;['body', 'ginnast', 'villagg', 'dispon', 'combact']
579;['club', 'bambin', 'baby', 'adatt', 'scienz']
1275;['ospital', 'alberghiera', 'turist', 'tedesco', 'accoglit']
1276;['bar', 'apprendist', 'mansion', 'sal', 'addett']
1198;['applic', 'tirocin', 'svilupp', 'informativo', 'softw']
246;['piazz', 'genet', 'maggio', 'telethon', 'scend']
523;['intraprendent', 'compens', 'bologn', 'durant', 'costante']
527;['bologn', 'verrann', 'commerciali', 'ricompens', 'adeguat']
518;['ovver', 'bologna', 'pubblico', 'dtd', 'aeroporto']
573;['terminal', 'iat', 'practic', 'best', 'planning']
356;['vol', 'servizio', 'sol', 'requis', 'rott']
1242;['fs', 'targ', 'giugno', 'brillanti', 'dinamiche']
259;['company', 'uniqu', 'benefits', 'sales', 'potential']
260;['company', 'sales', 'uniqu', 'benefits', 'potential']
262;['partners', 'throug', 'operations', 'new', 'setting']
1296;['clientel', 'assistent', 'orar', 'mattin', 'capoline']
1286;['giorn', 'idealmente', 'acquisiti', 'settimana', 'vincol']
1237;['provvigioni', 'bisogni', 'intraprendent', 'automun', 'seriet']
1238;['provvigioni', 'bisogni', 'intraprendent', 'automun', 'seriet']
1109;['finec', 'design', 'serviz', 'user', 'applic']
1110;['consulent', 'deput', 'ret', 'brokerag', 'finec']
1179;['invest', 'banking', 'asset', 'misur', 'clientel']
33;['net', 'agile', 'fintec', 'lik', 'developers']
191;['peopl', 'add', 'pulling', 'assistanc', 'means']
625;['findomestic', 'verific', 'banc', 'ict', 'complianc']
569;['workload', 'cetelem', 'findomestic', 'orar', 'conosct']
570;['finanziar', 'livell', 'matemat', 'second', 'lcr']
55;['equity', 'company', 'investment', 'priv', 'busy']
115;['paribas', 'bnp', 'settlement', 'securities', 'att']
106;['uman', 'nolegg', 'termin', 'risors', 'livell']
140;['design', 'interaction', 'usability', 'bnl', 'prototyping']
243;['branding', 'employer', 'selezion', 'selezione', 'compett']
704;['cred', 'erog', 'assunzion', 'bancar', 'finanz']
995;['camp', 'adegu', 'pian', 'tc', 'plurimandatar']
575;['nuov', 'cors', 'cockpit', 'roe', 'perspicacia']
576;['matern', 'strategie', 'sostitu', 'marketing', 'realizz']
497;['compens', 'mutu', 'assicura', 'quinto', 'prest']
622;['pis', 'general', 'pisa', 'oltre', 'quas']
1195;['personale', 'aziendale', 'faber', 'selezion', 'gradito']
1197;['cost', 'product', 'lifecycle', 'mechanic', 'estimates']
517;['torin', 'domicil', 'centr', 'manifest', 'indett']
514;['torin', 'promozional', 'campagn', 'fiss', 'form']
515;['torino', 'selezion', 'collabor', 'event', 'meritocratico']
549;['social', 'fanpag', 'aggiorn', 'organizzato', 'svegl']
556;['montagg', 'caramell', 'vide', 'sent', 'appassion']
557;['mad', 'sales', 'school', 'assistant', 'compett']
559;['standardizz', 'produtt', 'esterni', 'caten', 'fornitor']
560;['social', 'caramell', 'sent', 'svilupp', 'agenz']
561;['php', 'web', 'caramell', 'party', 'api']
562;['end', 'caramell', 'web', 'sent', 'svilupp']
563;['caramell', 'party', 'hard', 'molt', 'sent']
662;['mondiali', 'etic', 'ong', 'occupin', 'incentivi']
307;['seat', 'assistant', 'recruiting', 'comun', 'guadagnare']
308;['seat', 'portafogl', 'consolid', 'recruiting', 'account']
458;['multimedial', 'variabile', 'italiaonlin', 'prestigio', 'munito']
459;['web', 'commercial', 'adv', 'marketing', 'campagn']
257;['estet', 'mdm', 'continu', 'az', 'business']
258;['estet', 'mdm', 'vuol', 'medical', 'contatt']
317;['individu', 'gioc', 'concept', 'powerpointdell', 'direttr']
318;['lott', 'promozion', 'marketing', 'gioc', 'event']
319;['ristor', 'pulizia', 'svolgono', 'notturni', 'preparazione']
320;['ristor', 'crew', 'direttor', 'manager', 'può']
420;['reward', 'polit', 'ristoranti', 'incentive', 'gerarc']
511;['prodotto', 'qualit', 'ristor', 'organizz', 'servizio']
717;['salum', 'formaggi', 'pul', 'accompagn', 'gioc']
718;['vin', 'vino', 'abbin', 'enotec', 'pan']
1021;['lavastovigl', '1984', 'elettrotecnico', 'elettromeccan', 'pavia']
1013;['kpi', 'dashboard', 'documents', 'definition', 'paced']
1014;['maintenanc', 'documents', 'engineers', 'execution', 'indicators']
1015;['chemical', 'paced', 'sciences', 'analytical', 'fast']
694;['bm', 'marketing', 'philip', 'morris', 'apply']
695;['law', 'legal', 'easiness', 'counsels', 'internship']
696;['developments', 'payments', 'logistic', 'reduced', 'coordination']
697;['philip', 'morris', 'hav', 'sales', 'represent']
698;['department', 'reduced', 'provided', 'internship', 'teams']
699;['philip', 'morris', 'relevant', 'processes', 'services']
700;['car', 'customer', 'program', 'morris', 'philip']
1313;['stor', 'brand', 'retail', 'energia', 'percassi']
1328;['stor', 'brand', 'retail', 'percassi', 'energia']
1330;['stor', 'brand', 'retail', 'percassi', 'energia']
1319;['brand', 'retail', 'percassi', 'energia', 'perc']
1318;['retail', 'percassi', 'energia', 'perc', 'stor']
