comp1;comp2
Luxottica;RED
Luxottica;Lego-Percassi
Luxottica;Starbucks-Percassi
Luxottica;Antica Focacceria San Francesco
Luxottica;Gi Group
Luxottica;UNICOOP FIRENZE
Luxottica;Dmail-Percassi
Luxottica;Roche UK
Luxottica;Nike-Percassi
Luxottica;Victoria's secret - Percassi 
MSD Italia;Open Fiber
Eurobet Italia;Cellularline
Eurobet Italia;Gi Group Horeca
Lidl Italia;Gi Group Horeca
Capgemini;AST - ThyssenKrupp
Capgemini;INDRA
Capgemini;Siram
Capgemini;NTT DATA Italia
Capgemini;Amplifon
Capgemini;Mars Italia
Capgemini;Roche UK
Capgemini;Dmail-Percassi
Capgemini;UNICOOP FIRENZE
Capgemini;Victoria's secret - Percassi 
Cellularline;EVERIS
Cellularline;RED
Cellularline;Lego-Percassi
Cellularline;Nike-Percassi
Cellularline;Gi Group
Cellularline;Victoria's secret - Percassi 
Cellularline;Starbucks-Percassi
Cellularline;UNICOOP FIRENZE
Cellularline;Antica Focacceria San Francesco
Cellularline;Dmail-Percassi
Roche UK;Dmail-Percassi
Roche UK;UNICOOP FIRENZE
Roche UK;Starbucks-Percassi
Roche UK;Antica Focacceria San Francesco
Roche UK;Gi Group
Roche UK;Nike-Percassi
Roche UK;Victoria's secret - Percassi 
Roche UK;Lego-Percassi
Roche UK;RED
Roche UK;MOOD HOTELS
Datalogic;Tech Data
Datalogic;Open Fiber
Datalogic;EVERIS
Datalogic;SMOOTH HOTELS
Datalogic;MAG HOTELS
Datalogic;Lego-Percassi
Datalogic;RED
Datalogic;MOOD HOTELS
Datalogic;Nike-Percassi
Datalogic;Antica Focacceria San Francesco
Università Europea di Roma;Cellularline
Whirlpool;Tech Data
Whirlpool;Datalogic
Tech Data;Datalogic
Tech Data;Open Fiber
Tech Data;EVERIS
Tech Data;SMOOTH HOTELS
Tech Data;MAG HOTELS
Tech Data;Cellularline
Tech Data;Lego-Percassi
Tech Data;RED
Tech Data;MOOD HOTELS
Tech Data;Nike-Percassi
Aeroporti di Roma;Datalogic
Aeroporti di Roma;Tech Data
Accenture;NTT DATA Italia
Accenture;Luxottica
Gi Group;Antica Focacceria San Francesco
Gi Group;UNICOOP FIRENZE
Gi Group;Nike-Percassi
Gi Group;Starbucks-Percassi
Gi Group;Dmail-Percassi
Gi Group;Roche UK
Gi Group;Victoria's secret - Percassi 
Gi Group;Lego-Percassi
Gi Group;RED
Gi Group;MOOD HOTELS
PwC;Gi Group Horeca
PwC;INDRA
Würth Srl ;Luxottica
Würth Srl ;SAP
Würth Srl ;QiBit
Würth Srl ;Vente-Privee - Privalia
Würth Srl ;AST - ThyssenKrupp
Würth Srl ;Siram
Würth Srl ;Carrefour Italia
Würth Srl ;Tech Data
Deloitte;Capgemini
Deloitte;EVERIS
Deloitte;Cellularline
Kpmg;Siram
Wind Tre;Open Fiber
INDRA;QiBit
INDRA;NTT DATA Italia
INDRA;Amplifon
INDRA;SAP
INDRA;Capgemini
INDRA;Roche UK
INDRA;Dmail-Percassi
INDRA;UNICOOP FIRENZE
INDRA;Starbucks-Percassi
INDRA;AST - ThyssenKrupp
Pirelli;NTT DATA Italia
Pirelli;Luxottica
AST - ThyssenKrupp;Siram
AST - ThyssenKrupp;Capgemini
AST - ThyssenKrupp;INDRA
AST - ThyssenKrupp;Luxottica
AST - ThyssenKrupp;Würth Srl 
NTT DATA Italia;Amplifon
NTT DATA Italia;INDRA
NTT DATA Italia;QiBit
NTT DATA Italia;SAP
NTT DATA Italia;MOOD HOTELS
NTT DATA Italia;Roche UK
NTT DATA Italia;Dmail-Percassi
NTT DATA Italia;Victoria's secret - Percassi 
NTT DATA Italia;UNICOOP FIRENZE
NTT DATA Italia;Gi Group
Carrefour Italia;Amplifon
Carrefour Italia;Rinascente
Carrefour Italia;Würth Srl 
Carrefour Italia;NTT DATA Italia
Amplifon;NTT DATA Italia
Amplifon;INDRA
Amplifon;QiBit
Amplifon;Vente-Privee - Privalia
Amplifon;Carrefour Italia
Amplifon;Capgemini
Amplifon;SAP
Mars Italia;Luxottica
Mars Italia;Capgemini
Mars Italia;INDRA
UniCredit;Luxottica
UniCredit;NTT DATA Italia
UniCredit;Capgemini
UniCredit;SAP
Vente-Privee - Privalia;Amplifon
Vente-Privee - Privalia;Tech Data
Vente-Privee - Privalia;Würth Srl 
Vente-Privee - Privalia;Rinascente
Vente-Privee - Privalia;INDRA
Vente-Privee - Privalia;Datalogic
Vente-Privee - Privalia;Capgemini
SAP;QiBit
SAP;INDRA
SAP;NTT DATA Italia
SAP;Roche UK
SAP;Dmail-Percassi
SAP;Starbucks-Percassi
SAP;UNICOOP FIRENZE
SAP;Victoria's secret - Percassi 
SAP;Antica Focacceria San Francesco
SAP;Würth Srl 
Siemens;Cellularline
Siemens;EVERIS
Siemens;SAP
Snam;Siram
Snam;Datalogic
QiBit;SAP
QiBit;INDRA
QiBit;NTT DATA Italia
QiBit;Amplifon
QiBit;Würth Srl 
QiBit;Rinascente
Rinascente;QiBit
Rinascente;SAP
Rinascente;Vente-Privee - Privalia
Rinascente;Carrefour Italia
Rinascente;MAG HOTELS
Cerved;Gi Group Horeca
Cerved;FRONERI
Cerved;MAG HOTELS
Cerved;SMOOTH HOTELS
MAG HOTELS;SMOOTH HOTELS
MAG HOTELS;FRONERI
MAG HOTELS;MOOD HOTELS
MAG HOTELS;Gi Group Horeca
MAG HOTELS;Lego-Percassi
MAG HOTELS;Gi Group
MAG HOTELS;RED
MAG HOTELS;Antica Focacceria San Francesco
MAG HOTELS;Nike-Percassi
MAG HOTELS;Victoria's secret - Percassi 
MOOD HOTELS;Gi Group
MOOD HOTELS;Antica Focacceria San Francesco
MOOD HOTELS;Nike-Percassi
MOOD HOTELS;Victoria's secret - Percassi 
MOOD HOTELS;Starbucks-Percassi
MOOD HOTELS;UNICOOP FIRENZE
MOOD HOTELS;Dmail-Percassi
MOOD HOTELS;Lego-Percassi
MOOD HOTELS;Roche UK
MOOD HOTELS;RED
SMOOTH HOTELS;MAG HOTELS
SMOOTH HOTELS;MOOD HOTELS
SMOOTH HOTELS;Lego-Percassi
SMOOTH HOTELS;Antica Focacceria San Francesco
SMOOTH HOTELS;Gi Group
SMOOTH HOTELS;Nike-Percassi
SMOOTH HOTELS;Victoria's secret - Percassi 
SMOOTH HOTELS;RED
SMOOTH HOTELS;Starbucks-Percassi
SMOOTH HOTELS;UNICOOP FIRENZE
FRONERI;MAG HOTELS
FRONERI;SMOOTH HOTELS
FRONERI;MOOD HOTELS
FRONERI;Gi Group Horeca
FRONERI;Lego-Percassi
FRONERI;Nike-Percassi
FRONERI;Gi Group
FRONERI;RED
FRONERI;Antica Focacceria San Francesco
FRONERI;Victoria's secret - Percassi 
Gi Group Horeca;MAG HOTELS
Gi Group Horeca;FRONERI
Gi Group Horeca;SMOOTH HOTELS
Gi Group Horeca;MOOD HOTELS
Gi Group Horeca;Lego-Percassi
Gi Group Horeca;Nike-Percassi
Gi Group Horeca;Gi Group
Gi Group Horeca;Antica Focacceria San Francesco
Gi Group Horeca;RED
Gi Group Horeca;Victoria's secret - Percassi 
Antica Focacceria San Francesco;Gi Group
Antica Focacceria San Francesco;UNICOOP FIRENZE
Antica Focacceria San Francesco;Nike-Percassi
Antica Focacceria San Francesco;Starbucks-Percassi
Antica Focacceria San Francesco;Dmail-Percassi
Antica Focacceria San Francesco;Roche UK
Antica Focacceria San Francesco;Victoria's secret - Percassi 
Antica Focacceria San Francesco;Lego-Percassi
Antica Focacceria San Francesco;RED
Antica Focacceria San Francesco;MOOD HOTELS
RED;Antica Focacceria San Francesco
RED;Nike-Percassi
RED;Victoria's secret - Percassi 
RED;Gi Group
RED;Lego-Percassi
RED;Starbucks-Percassi
RED;UNICOOP FIRENZE
RED;Dmail-Percassi
RED;Roche UK
RED;MOOD HOTELS
Siram;Starbucks-Percassi
Siram;UNICOOP FIRENZE
Siram;Dmail-Percassi
Siram;Victoria's secret - Percassi 
Siram;Gi Group
Siram;Antica Focacceria San Francesco
Siram;Roche UK
Siram;Nike-Percassi
Siram;Lego-Percassi
Siram;RED
Open Fiber;EVERIS
Open Fiber;SMOOTH HOTELS
Open Fiber;Cellularline
Open Fiber;Datalogic
Open Fiber;MAG HOTELS
Open Fiber;RED
Open Fiber;Lego-Percassi
Open Fiber;FRONERI
Open Fiber;MOOD HOTELS
Open Fiber;Tech Data
EVERIS;Cellularline
EVERIS;RED
EVERIS;Lego-Percassi
EVERIS;Nike-Percassi
EVERIS;Gi Group
EVERIS;Starbucks-Percassi
EVERIS;Antica Focacceria San Francesco
EVERIS;Victoria's secret - Percassi 
EVERIS;UNICOOP FIRENZE
EVERIS;MOOD HOTELS
Victoria's secret - Percassi ;Antica Focacceria San Francesco
Victoria's secret - Percassi ;Nike-Percassi
Victoria's secret - Percassi ;Gi Group
Victoria's secret - Percassi ;UNICOOP FIRENZE
Victoria's secret - Percassi ;Starbucks-Percassi
Victoria's secret - Percassi ;Dmail-Percassi
Victoria's secret - Percassi ;Roche UK
Victoria's secret - Percassi ;Lego-Percassi
Victoria's secret - Percassi ;RED
Victoria's secret - Percassi ;MOOD HOTELS
Nike-Percassi;Gi Group
Nike-Percassi;UNICOOP FIRENZE
Nike-Percassi;Antica Focacceria San Francesco
Nike-Percassi;Starbucks-Percassi
Nike-Percassi;Dmail-Percassi
Nike-Percassi;Victoria's secret - Percassi 
Nike-Percassi;Roche UK
Nike-Percassi;Lego-Percassi
Nike-Percassi;RED
Nike-Percassi;MOOD HOTELS
Lego-Percassi;Nike-Percassi
Lego-Percassi;Gi Group
Lego-Percassi;Antica Focacceria San Francesco
Lego-Percassi;UNICOOP FIRENZE
Lego-Percassi;Starbucks-Percassi
Lego-Percassi;Victoria's secret - Percassi 
Lego-Percassi;Dmail-Percassi
Lego-Percassi;RED
Lego-Percassi;Roche UK
Lego-Percassi;MOOD HOTELS
Dmail-Percassi;Roche UK
Dmail-Percassi;UNICOOP FIRENZE
Dmail-Percassi;Starbucks-Percassi
Dmail-Percassi;Antica Focacceria San Francesco
Dmail-Percassi;Gi Group
Dmail-Percassi;Nike-Percassi
Dmail-Percassi;Victoria's secret - Percassi 
Dmail-Percassi;Lego-Percassi
Dmail-Percassi;RED
Dmail-Percassi;MOOD HOTELS
Starbucks-Percassi;UNICOOP FIRENZE
Starbucks-Percassi;Dmail-Percassi
Starbucks-Percassi;Antica Focacceria San Francesco
Starbucks-Percassi;Roche UK
Starbucks-Percassi;Gi Group
Starbucks-Percassi;Nike-Percassi
Starbucks-Percassi;Victoria's secret - Percassi 
Starbucks-Percassi;Lego-Percassi
Starbucks-Percassi;RED
Starbucks-Percassi;MOOD HOTELS
UNICOOP FIRENZE;Dmail-Percassi
UNICOOP FIRENZE;Gi Group
UNICOOP FIRENZE;Starbucks-Percassi
UNICOOP FIRENZE;Antica Focacceria San Francesco
UNICOOP FIRENZE;Roche UK
UNICOOP FIRENZE;Nike-Percassi
UNICOOP FIRENZE;Victoria's secret - Percassi 
UNICOOP FIRENZE;Lego-Percassi
UNICOOP FIRENZE;RED
UNICOOP FIRENZE;MOOD HOTELS
