job_ID;similar_ID;similarity_value
1204;[1204];[1.]
728;[728];[1.]
623;[623 711];[1.         0.32011823]
391;[391 392];[1.         0.35877605]
392;[391 392];[0.35877605 1.        ]
378;[378];[1.]
498;[498 681];[1.         0.52830269]
499;[499 500];[1.         0.78069211]
500;[499 500];[0.78069211 1.        ]
501;[501];[1.]
587;[587];[1.]
588;[588];[1.]
647;[647];[1.]
679;[679];[1.]
681;[498 681];[0.52830269 1.        ]
324;[324];[1.]
1111;[1111];[1.]
1321;[1321 1332 1335 1371 1314 1372 1313 1328 1330 1319 1318];"[1.         0.98576491 0.9881984  0.47113086 0.55962837 0.30477798
 0.56330057 0.56213069 0.56867623 0.56770685 0.59984378]"
1332;[1321 1332 1335 1371 1314 1313 1328 1330 1319 1318];"[0.98576491 1.         0.99668564 0.4480387  0.5364844  0.54003199
 0.53911773 0.54533617 0.5443883  0.57537186]"
1335;[1321 1332 1335 1371 1314 1372 1313 1328 1330 1319 1318];"[0.9881984  0.99668564 1.         0.46422533 0.55586636 0.30276289
 0.55954212 0.55859483 0.56503794 0.56405582 0.59615874]"
1371;[1321 1332 1335 1371 1314 1372 1313 1328 1330 1319 1318];"[0.47113086 0.4480387  0.46422533 1.         0.51346189 0.41695732
 0.4842115  0.47777116 0.48800378 0.53209666 0.52801992]"
100;[100 293 294 295 296 297 298 299 300 301 302 303 304 305 409 410 411 502];"[1.         0.61604934 0.54290321 0.54771911 0.58580774 0.60944609
 0.50665483 0.44995955 0.60351117 0.48458277 0.54072105 0.45746623
 0.58471888 0.90327601 0.39599351 0.45423199 0.44594954 0.44809777]"
293;[100 293 294 295 296 297 298 299 300 301 302 303 304 305 409 410 411 502];"[0.61604934 1.         0.49267872 0.4707471  0.49996434 0.54167917
 0.45926008 0.47571637 0.80685568 0.39724913 0.46511413 0.53812417
 0.50439313 0.6070935  0.33260103 0.38827358 0.40080025 0.3779856 ]"
294;[100 293 294 295 296 297 298 299 300 301 302 303 304 305 409 410 411 502];"[0.54290321 0.49267872 1.         0.66642646 0.72062038 0.78898967
 0.61941505 0.46929335 0.4871656  0.56798432 0.61901987 0.50543968
 0.67592547 0.54100478 0.3530567  0.41473795 0.40334097 0.39452618]"
295;[100 293 294 295 296 297 298 299 300 301 302 303 304 305 409 410 411 502];"[0.54771911 0.4707471  0.66642646 1.         0.77324486 0.70217352
 0.60787971 0.45346502 0.46650207 0.55490373 0.58968704 0.48051873
 0.69018229 0.53662633 0.33185742 0.38840692 0.36569989 0.37147799]"
296;[100 293 294 295 296 297 298 299 300 301 302 303 304 305 409 410 411 502];"[0.58580774 0.49996434 0.72062038 0.77324486 1.         0.80917301
 0.66988408 0.50260938 0.51018093 0.59422427 0.64558497 0.53389809
 0.70287202 0.56880273 0.36938903 0.43267828 0.39747983 0.40452987]"
297;[100 293 294 295 296 297 298 299 300 301 302 303 304 305 409 410 411 502];"[0.60944609 0.54167917 0.78898967 0.70217352 0.80917301 1.
 0.70062597 0.54862633 0.55122162 0.63349218 0.71656083 0.57434343
 0.70664554 0.59654702 0.42219197 0.49282479 0.43697304 0.42984211]"
298;[100 293 294 295 296 297 298 299 300 301 302 303 304 305 409 410 411 502];"[0.50665483 0.45926008 0.61941505 0.60787971 0.66988408 0.70062597
 1.         0.43252778 0.44784474 0.50726325 0.55044579 0.46247099
 0.60675395 0.4920747  0.32206308 0.37561917 0.34989613 0.33734541]"
299;[100 293 294 295 296 297 298 299 300 301 302 303 304 305 409 410 411 502];"[0.44995955 0.47571637 0.46929335 0.45346502 0.50260938 0.54862633
 0.43252778 1.         0.45524747 0.4044929  0.51794999 0.44918623
 0.48773768 0.44999434 0.31529587 0.36446085 0.3339501  0.36940023]"
300;[100 293 294 295 296 297 298 299 300 301 302 303 304 305 409 410 411 502];"[0.60351117 0.80685568 0.4871656  0.46650207 0.51018093 0.55122162
 0.44784474 0.45524747 1.         0.41020151 0.51131869 0.5573271
 0.49171223 0.59476056 0.33559333 0.39559727 0.39286219 0.39201421]"
301;[100 293 294 295 296 297 298 299 300 301 302 303 304 305 409 410 411 502];"[0.48458277 0.39724913 0.56798432 0.55490373 0.59422427 0.63349218
 0.50726325 0.4044929  0.41020151 1.         0.54411853 0.42163254
 0.5796326  0.47072944 0.33007039 0.37885448 0.32349938 0.3359806 ]"
302;[100 293 294 295 296 297 298 299 300 301 302 303 304 305 409 410 411 502];"[0.54072105 0.46511413 0.61901987 0.58968704 0.64558497 0.71656083
 0.55044579 0.51794999 0.51131869 0.54411853 1.         0.52063179
 0.66679962 0.53796841 0.36255418 0.42747395 0.41544892 0.47738615]"
303;[100 293 294 295 296 297 298 299 300 301 302 303 304 305 409 410 411 502];"[0.45746623 0.53812417 0.50543968 0.48051873 0.53389809 0.57434343
 0.46247099 0.44918623 0.5573271  0.42163254 0.52063179 1.
 0.5085914  0.45356475 0.30970301 0.36435481 0.32992604 0.33691093]"
304;[100 293 294 295 296 297 298 299 300 301 302 303 304 305 409 410 411 502];"[0.58471888 0.50439313 0.67592547 0.69018229 0.70287202 0.70664554
 0.60675395 0.48773768 0.49171223 0.5796326  0.66679962 0.5085914
 1.         0.58501166 0.35149647 0.40985364 0.41379641 0.43007955]"
305;[100 293 294 295 296 297 298 299 300 301 302 303 304 305 409 410 411 502];"[0.90327601 0.6070935  0.54100478 0.53662633 0.56880273 0.59654702
 0.4920747  0.44999434 0.59476056 0.47072944 0.53796841 0.45356475
 0.58501166 1.         0.39480675 0.45237618 0.44840483 0.44961572]"
409;[100 293 294 295 296 297 298 299 300 301 302 303 304 305 409 410 411 502];"[0.39599351 0.33260103 0.3530567  0.33185742 0.36938903 0.42219197
 0.32206308 0.31529587 0.33559333 0.33007039 0.36255418 0.30970301
 0.35149647 0.39480675 1.         0.89919104 0.39776374 0.33460577]"
410;[100 293 294 295 296 297 298 299 300 301 302 303 304 305 409 410 411 502];"[0.45423199 0.38827358 0.41473795 0.38840692 0.43267828 0.49282479
 0.37561917 0.36446085 0.39559727 0.37885448 0.42747395 0.36435481
 0.40985364 0.45237618 0.89919104 1.         0.44283435 0.38219263]"
411;"[100 293 294 295 296 297 298 299 300 301 302 303 304 305 409 410 411 412
 502]";"[0.44594954 0.40080025 0.40334097 0.36569989 0.39747983 0.43697304
 0.34989613 0.3339501  0.39286219 0.32349938 0.41544892 0.32992604
 0.41379641 0.44840483 0.39776374 0.44283435 1.         0.31325126
 0.54578543]"
412;[411 412 502];[0.31325126 1.         0.80382847]
413;[413];[1.]
502;"[100 293 294 295 296 297 298 299 300 301 302 303 304 305 409 410 411 412
 502]";"[0.44809777 0.3779856  0.39452618 0.37147799 0.40452987 0.42984211
 0.33734541 0.36940023 0.39201421 0.3359806  0.47738615 0.33691093
 0.43007955 0.44961572 0.33460577 0.38219263 0.54578543 0.80382847
 1.        ]"
388;[388];[1.]
335;[ 335 1207 1208 1326];[1.         0.78308528 0.36877067 0.34262112]
336;[336];[1.]
337;[337 338];[1.         0.65287862]
338;[337 338];[0.65287862 1.        ]
153;[153];[1.]
97;[  97  165 1208 1326];[1.         0.37907913 0.39553236 0.40549955]
165;[  97  165  166  168  173 1208 1326];"[0.37907913 1.         0.34448223 0.39417096 0.30029588 0.54474607
 0.57696791]"
166;[165 166 171];[0.34448223 1.         0.54703462]
168;[165 168];[0.39417096 1.        ]
169;[169 171];[1.         0.30465848]
170;[170];[1.]
171;[166 169 171];[0.54703462 0.30465848 1.        ]
173;[165 173];[0.30029588 1.        ]
1207;[ 335 1207 1208 1326 1327];[0.78308528 1.         0.36342013 0.33787764 0.37411658]
1208;[ 335   97  165 1207 1208 1326];[0.36877067 0.39553236 0.54474607 0.36342013 1.         0.94592897]
1326;[ 335   97  165 1207 1208 1326];[0.34262112 0.40549955 0.57696791 0.33787764 0.94592897 1.        ]
1327;[1207 1327];[0.37411658 1.        ]
720;[720];[1.]
721;[721];[1.]
763;[763];[1.]
764;[764];[1.]
528;[528];[1.]
633;[633];[1.]
634;[634];[1.]
766;[ 766  767  709  710 1184  901  902  866  867  868  830];"[1.         0.82472476 0.9551866  0.77790478 0.34486346 0.70326814
 0.69003764 0.63711335 0.56728006 0.65609484 0.71330743]"
767;[ 766  767  709  710 1184  901  902  866  867  868  830];"[0.82472476 1.         0.78383375 0.7714922  0.41400819 0.68410094
 0.66946598 0.60516789 0.55016538 0.61318426 0.69788379]"
733;[733 710 902 866 867 868];[1.         0.32294898 0.31632101 0.37149353 0.32387044 0.33286553]
709;[ 766  767  709  710 1184  901  902  866  867  868  830];"[0.9551866  0.78383375 1.         0.76827429 0.31424479 0.67429761
 0.66028782 0.62177502 0.55217513 0.61578808 0.66930997]"
710;[766 767 733 709 710 901 902 866 867 868 830];"[0.77790478 0.7714922  0.32294898 0.76827429 1.         0.72219795
 0.70445887 0.63570593 0.59178372 0.657389   0.7303507 ]"
1143;[1143];[1.]
1144;[1144];[1.]
1145;[1145];[1.]
1184;[ 766  767  709 1184];[0.34486346 0.41400819 0.31424479 1.        ]
1185;[1185];[1.]
989;[989 950];[1.         0.54398203]
990;[990 948 949];[1.         0.3043682  0.88104941]
991;[991 868];[1.         0.51438212]
1055;[1055  438];[1.         0.30747654]
1056;[1056];[1.]
901;[766 767 709 710 901 902 866 867 868 830];"[0.70326814 0.68410094 0.67429761 0.72219795 1.         0.67892715
 0.59773932 0.55757217 0.62451192 0.68254517]"
902;[766 767 733 709 710 901 902 866 867 868 830];"[0.69003764 0.66946598 0.31632101 0.66028782 0.70445887 0.67892715
 1.         0.67151842 0.63275194 0.67071031 0.6808343 ]"
948;[990 948 949];[0.3043682  1.         0.30238541]
949;[990 948 949];[0.88104941 0.30238541 1.        ]
950;[989 950];[0.54398203 1.        ]
944;[944];[1.]
866;[766 767 733 709 710 901 902 866 867 868 830];"[0.63711335 0.60516789 0.37149353 0.62177502 0.63570593 0.59773932
 0.67151842 1.         0.70009351 0.73580389 0.59836422]"
867;[766 767 733 709 710 901 902 866 867 868 830];"[0.56728006 0.55016538 0.32387044 0.55217513 0.59178372 0.55757217
 0.63275194 0.70009351 1.         0.65947971 0.55070706]"
868;[766 767 733 709 710 991 901 902 866 867 868 830];"[0.65609484 0.61318426 0.33286553 0.61578808 0.657389   0.51438212
 0.62451192 0.67071031 0.73580389 0.65947971 1.         0.6328437 ]"
830;[766 767 709 710 901 902 866 867 868 830];"[0.71330743 0.69788379 0.66930997 0.7303507  0.68254517 0.6808343
 0.59836422 0.55070706 0.6328437  1.        ]"
286;[286];[1.]
312;[312 546];[1.         0.54109246]
272;[272];[1.]
507;[ 507 1154  906];[1.         0.67434465 0.7625177 ]
508;[508];[1.]
509;[509 333];[1.         0.31539654]
333;[509 333 839];[0.31539654 1.         0.30743161]
546;[312 546];[0.54109246 1.        ]
592;[592 759];[1.         0.46637306]
1154;[ 507 1154 1010  951  906  801];[0.67434465 1.         0.34788693 0.34788693 0.86609344 0.33538857]
1057;[1057];[1.]
1058;[1058];[1.]
1009;[1009];[1.]
1010;[1154 1010  951];[0.34788693 1.         1.        ]
951;[1154 1010  951];[0.34788693 1.         1.        ]
905;[905];[1.]
906;[ 507 1154  906];[0.7625177  0.86609344 1.        ]
839;[333 839];[0.30743161 1.        ]
801;[1154  801];[0.33538857 1.        ]
759;[592 759 808];[0.46637306 1.         0.32041356]
357;[357];[1.]
358;[358];[1.]
342;[342 343];[1.         0.97619697]
343;[342 343];[0.97619697 1.        ]
678;[678];[1.]
444;[444 446 449 450];[1.         0.5884682  0.34994805 0.31900654]
446;[444 446 449 450];[0.5884682  1.         0.43571391 0.37691448]
449;[444 446 449 450 976];[0.34994805 0.43571391 1.         0.39501391 0.67295196]
450;[444 446 449 450];[0.31900654 0.37691448 0.39501391 1.        ]
799;[799 976];[1.         0.52385158]
800;[ 800  975 1019];[1.         0.44897042 0.47113421]
934;[934];[1.]
936;[936];[1.]
975;[ 800  975 1019];[0.44897042 1.         0.97539404]
976;[449 799 976];[0.67295196 0.52385158 1.        ]
977;[977];[1.]
1018;[1018];[1.]
1019;[ 800  975 1019];[0.47113421 0.97539404 1.        ]
674;[674];[1.]
675;[675];[1.]
676;[676];[1.]
970;[970];[1.]
971;[971];[1.]
779;[779 780];[1.         0.56370992]
780;[779 780];[0.56370992 1.        ]
1141;[1141];[1.]
1142;[1142  964];[1.         0.34101319]
1161;[1161];[1.]
1177;[1177];[1.]
1062;[1062 1001];[1.         0.32279137]
1063;[1063];[1.]
1001;[1062 1001  963];[0.32279137 1.         0.43700987]
1002;[1002  918  964];[1.         0.46715991 0.57983736]
913;[913 918 964];[1.         0.37676991 0.32127537]
918;[1002  913  918  919  964];[0.46715991 0.37676991 1.         0.30330922 0.73629647]
919;[918 919];[0.30330922 1.        ]
963;[1001  963];[0.43700987 1.        ]
964;[1142 1002  913  918  964];[0.34101319 0.57983736 0.32127537 0.73629647 1.        ]
784;[784];[1.]
785;[785];[1.]
1263;[1263];[1.]
1267;[1267];[1.]
1268;[1268 1270 1272];[1.         0.32743044 0.31763418]
1269;[1269];[1.]
1270;[1268 1270 1272 1273];[0.32743044 1.         0.48090761 0.3691339 ]
1271;[1271];[1.]
1272;[1268 1270 1272];[0.31763418 0.48090761 1.        ]
1273;[1270 1273];[0.3691339 1.       ]
1274;[1274];[1.]
1031;[1031];[1.]
1032;[1032];[1.]
1146;[1146];[1.]
1147;[1147  711];[1.         0.37399319]
1169;[1169];[1.]
1170;[1170];[1.]
1121;[1121 1125];[1.         0.32020483]
1122;[1122 1123 1125];[1.         0.65634743 0.36580595]
1123;[1122 1123 1125];[0.65634743 1.         0.36881226]
1124;[1124];[1.]
1125;[1121 1122 1123 1125 1126];[0.32020483 0.36580595 0.36881226 1.         0.44463381]
1126;[1125 1126];[0.44463381 1.        ]
1127;[1127 1035 1036];[1.         0.31492228 0.31528365]
1035;[1127 1035];[0.31492228 1.        ]
1036;[1127 1036];[0.31528365 1.        ]
1190;[1190];[1.]
1191;[1191];[1.]
816;[816 817 818 861 862 938 940];"[1.         1.         1.         1.         1.         0.77909581
 0.77909581]"
817;[816 817 818 861 862 938 940];"[1.         1.         1.         1.         1.         0.77909581
 0.77909581]"
818;[816 817 818 861 862 938 940];"[1.         1.         1.         1.         1.         0.77909581
 0.77909581]"
861;[816 817 818 861 862 938 940];"[1.         1.         1.         1.         1.         0.77909581
 0.77909581]"
862;[816 817 818 861 862 938 940];"[1.         1.         1.         1.         1.         0.77909581
 0.77909581]"
937;[937];[1.]
938;[816 817 818 861 862 938 940];"[0.77909581 0.77909581 0.77909581 0.77909581 0.77909581 1.
 1.        ]"
940;[816 817 818 861 862 938 940];"[0.77909581 0.77909581 0.77909581 0.77909581 0.77909581 1.
 1.        ]"
665;[665 667];[1.         0.57174695]
667;[665 667];[0.57174695 1.        ]
669;[669 863];[1.         0.32025916]
689;[689];[1.]
690;[690];[1.]
797;[797];[1.]
798;[798];[1.]
863;[669 863];[0.32025916 1.        ]
864;[864];[1.]
865;[865];[1.]
719;[719 597];[1.         0.40603105]
597;[719 597];[0.40603105 1.        ]
598;[598];[1.]
609;[609];[1.]
613;[613 618 619];[1.         0.31172256 0.3145821 ]
618;[613 618];[0.31172256 1.        ]
619;[613 619];[0.3145821 1.       ]
1038;[1038];[1.]
535;[535 536 537 531];[1.         0.98546776 0.55238702 0.6205037 ]
536;[535 536 537 531];[0.98546776 1.         0.55190167 0.61995849]
537;[535 536 537 531 389 390];[0.55238702 0.55190167 1.         0.41701147 0.3544138  0.35405264]
531;[535 536 537 531];[0.6205037  0.61995849 0.41701147 1.        ]
404;[404];[1.]
77;[77];[1.]
37;[37];[1.]
825;[825 826 827 946 947 896 899];"[1.         0.64466108 0.69023097 0.41727059 0.80138507 0.31242921
 0.33786144]"
826;[825 826 827 946 947 896 899];"[0.64466108 1.         0.76066287 0.78721705 0.44571331 0.33207826
 0.58283445]"
827;[825 826 827 946 947 896 899];"[0.69023097 0.76066287 1.         0.48865578 0.4639535  0.34590357
 0.36512696]"
945;[945];[1.]
946;[825 826 827 946 947 896 899];"[0.41727059 0.78721705 0.48865578 1.         0.49574375 0.34078541
 0.61809646]"
947;[825 826 827 946 947 896 899];"[0.80138507 0.44571331 0.4639535  0.49574375 1.         0.35459483
 0.32883646]"
896;[825 826 827 946 947 896];[0.31242921 0.33207826 0.34590357 0.34078541 0.35459483 1.        ]
899;[825 826 827 946 947 899];[0.33786144 0.58283445 0.36512696 0.61809646 0.32883646 1.        ]
180;[180 181];[1.         0.97518125]
181;[180 181];[0.97518125 1.        ]
455;[455];[1.]
701;[ 701 1382];[1.         0.71785868]
702;[ 702 1380];[1.         0.67818715]
978;[978 871];[1.         0.70131538]
979;[979];[1.]
871;[978 871];[0.70131538 1.        ]
880;[880];[1.]
926;[926 927 928];[1.         0.46043226 0.37667296]
927;[926 927];[0.46043226 1.        ]
928;[926 928];[0.37667296 1.        ]
786;[786 787];[1.         0.32762832]
787;[786 787];[0.32762832 1.        ]
1382;[ 701 1382];[0.71785868 1.        ]
1380;[ 702 1380];[0.67818715 1.        ]
731;[731];[1.]
735;[735];[1.]
722;[722];[1.]
723;[723];[1.]
981;[981];[1.]
982;[982 869];[1. 1.]
869;[982 869];[1. 1.]
870;[870];[1.]
813;[813];[1.]
814;[814];[1.]
711;[ 623 1147  711  469];[0.32011823 0.37399319 1.         0.41478146]
712;[712];[1.]
602;[602 677 705];[1.         0.31051653 0.30873519]
468;[468];[1.]
469;[711 469];[0.41478146 1.        ]
383;[383];[1.]
386;[386 387 366 367];[1.         1.         0.40361733 0.44017369]
387;[386 387 366 367];[1.         1.         0.40361733 0.44017369]
364;[364 366 367];[1.         0.34275763 0.39822707]
366;[386 387 364 366 367];[0.40361733 0.40361733 0.34275763 1.         0.38975129]
367;[386 387 364 366 367];[0.44017369 0.44017369 0.39822707 0.38975129 1.        ]
736;[736];[1.]
771;[771];[1.]
772;[772];[1.]
239;[239 240   9];[1.         0.8514072  0.68807235]
240;[239 240   9];[0.8514072  1.         0.68025121]
161;[161];[1.]
9;[239 240   9];[0.68807235 0.68025121 1.        ]
10;[10];[1.]
488;[488 489 490 492];[1. 1. 1. 1.]
489;[488 489 490 492];[1. 1. 1. 1.]
490;[488 489 490 492];[1. 1. 1. 1.]
492;[488 489 490 492];[1. 1. 1. 1.]
620;[620];[1.]
621;[621 552];[1. 1.]
552;[621 552];[1. 1.]
564;[564];[1.]
374;[ 374 1383];[1.       0.791533]
375;[375];[1.]
376;[376 377];[1. 1.]
377;[376 377];[1. 1.]
1383;[ 374 1383];[0.791533 1.      ]
1384;[1384 1385 1386];[1.        0.5788767 0.6224743]
1385;[1384 1385 1386];[0.5788767  1.         0.63076197]
1386;[1384 1385 1386];[0.6224743  0.63076197 1.        ]
603;[603 659];[1.         0.45534451]
659;[603 659];[0.45534451 1.        ]
534;[534];[1.]
1107;[1107];[1.]
1292;[1292 1293  952];[1.         1.         0.32367546]
1293;[1292 1293  952];[1.         1.         0.32367546]
1029;[1029];[1.]
1199;[1199];[1.]
1200;[1200];[1.]
513;[513];[1.]
726;[726];[1.]
727;[727];[1.]
635;[635];[1.]
672;[672];[1.]
673;[673];[1.]
781;[781];[1.]
782;[782];[1.]
783;[783];[1.]
395;[395];[1.]
397;[397];[1.]
398;[398];[1.]
406;[406 407 408];[1. 1. 1.]
407;[406 407 408];[1. 1. 1.]
408;[406 407 408];[1. 1. 1.]
345;[345 686];[1.         0.37875287]
346;[346];[1.]
477;[477];[1.]
478;[478];[1.]
479;[479];[1.]
480;[480 707 656];[1.         0.34518827 0.3254267 ]
686;[345 686];[0.37875287 1.        ]
339;[339 341];[1.         0.31760154]
341;[339 341];[0.31760154 1.        ]
541;[541];[1.]
716;[716];[1.]
519;[519];[1.]
788;[788 857];[1.         0.34488885]
789;[789];[1.]
857;[788 857];[0.34488885 1.        ]
858;[858];[1.]
872;[872];[1.]
997;[997];[1.]
1006;[1006];[1.]
831;[831 833 834];[1.         0.75108315 0.64681229]
833;[831 833 834];[0.75108315 1.         0.73636341]
834;[831 833 834];[0.64681229 0.73636341 1.        ]
860;[860];[1.]
280;[280];[1.]
281;[281];[1.]
724;[724 599 530];[1.        1.        0.3075565]
599;[724 599 530];[1.        1.        0.3075565]
530;[724 599 530];[0.3075565 0.3075565 1.       ]
86;[86];[1.]
175;[175 176 177 178];[1.         0.42158613 0.47517098 0.4337675 ]
176;[175 176 177 178];[0.42158613 1.         0.54152314 0.56235586]
177;[175 176 177 178];[0.47517098 0.54152314 1.         0.60777186]
178;[175 176 177 178];[0.4337675  0.56235586 0.60777186 1.        ]
193;[193];[1.]
892;[892];[1.]
893;[893];[1.]
266;[266];[1.]
267;[267];[1.]
414;[414 188];[1.        0.4132952]
321;[321 322 292];[1.         0.73548187 0.36251892]
322;[321 322];[0.73548187 1.        ]
292;[321 292];[0.36251892 1.        ]
730;[730];[1.]
7;[7];[1.]
187;[187];[1.]
188;[414 188];[0.4132952 1.       ]
189;[189];[1.]
325;[325 326];[1. 1.]
326;[325 326];[1. 1.]
327;[327];[1.]
331;[331];[1.]
332;[332];[1.]
1297;[1297 1298 1257 1258 1259 1260 1261 1262  544];"[1.         0.70826749 0.53582175 0.52699179 0.45149358 0.45643832
 0.49912049 0.3274158  0.38571809]"
1298;[1297 1298 1257 1258 1259 1260 1261 1262  544];"[0.70826749 1.         0.49684324 0.48313423 0.41835481 0.42666789
 0.47090353 0.3807507  0.45108587]"
1193;[1193 1194];[1. 1.]
1194;[1193 1194];[1. 1.]
1221;[1221 1226];[1.         0.44837586]
1222;[1222];[1.]
1225;[1225];[1.]
1226;[1221 1226];[0.44837586 1.        ]
1232;[1232];[1.]
1012;[1012 1008 1183];[1.         0.74380878 0.63117491]
1008;[1012 1008 1183];[0.74380878 1.         0.65719438]
1183;[1012 1008 1183 1104];[0.63117491 0.65719438 1.         0.30348117]
1171;[1171 1033 1034];[1.         0.5230107  0.33651264]
1016;[1016];[1.]
1033;[1171 1033 1034];[0.5230107  1.         0.47072226]
1034;[1171 1033 1034];[0.33651264 0.47072226 1.        ]
1020;[1020];[1.]
1150;[1150];[1.]
1152;[1152];[1.]
1153;[1153];[1.]
1176;[1176];[1.]
1101;[1101 1104];[1.         0.69306119]
1103;[1103];[1.]
1104;[1183 1101 1104];[0.30348117 0.69306119 1.        ]
1303;[1303];[1.]
1310;[1310];[1.]
1311;[1311];[1.]
1312;[1312];[1.]
1304;[1304];[1.]
1305;[1305 1306 1323 1324 1325];[1.         0.61215656 0.57027706 0.50365307 0.55045117]
1306;[1305 1306 1323 1324 1325];[0.61215656 1.         0.6735821  0.56732752 0.61416566]
1323;[1305 1306 1323 1324 1325];[0.57027706 0.6735821  1.         0.5632237  0.65471427]
1324;[1305 1306 1323 1324 1325];[0.50365307 0.56732752 0.5632237  1.         0.55194504]
1325;[1305 1306 1323 1324 1325];[0.55045117 0.61416566 0.65471427 0.55194504 1.        ]
566;[566];[1.]
668;[668];[1.]
677;[ 602  677  685  705  933  996 1375 1376 1379 1381];"[0.31051653 1.         0.30053506 0.97614846 0.39522139 0.39522139
 0.49974274 0.39359323 0.50537116 0.45865707]"
685;[ 677  685  933  996  998 1375 1376 1379 1381];"[0.30053506 1.         0.37031402 0.37031402 0.34889538 0.43408316
 0.72396343 0.36307033 0.43553492]"
705;[ 602  677  705  933  996 1375 1376 1379 1381];"[0.30873519 0.97614846 1.         0.36586547 0.36586547 0.49687587
 0.3913353  0.502472   0.45602589]"
706;[706];[1.]
809;[ 809 1026];[1.         0.32288566]
932;[932];[1.]
933;[ 677  685  705  933  996  998 1375 1379 1381];"[0.39522139 0.37031402 0.36586547 1.         1.         0.33608794
 0.33899136 0.4207983  0.5103935 ]"
996;[ 677  685  705  933  996  998 1375 1379 1381];"[0.39522139 0.37031402 0.36586547 1.         1.         0.33608794
 0.33899136 0.4207983  0.5103935 ]"
998;[ 685  933  996  998 1376];[0.34889538 0.33608794 0.33608794 1.         0.32229772]
1375;[ 677  685  705  933  996 1375 1376 1379 1381];"[0.49974274 0.43408316 0.49687587 0.33899136 0.33899136 1.
 0.58802304 0.77587564 0.75075872]"
1376;[ 677  685  705  998 1375 1376 1379 1381];"[0.39359323 0.72396343 0.3913353  0.32229772 0.58802304 1.
 0.49667467 0.38924318]"
1379;[ 677  685  705  933  996 1375 1376 1379 1381];"[0.50537116 0.36307033 0.502472   0.4207983  0.4207983  0.77587564
 0.49667467 1.         0.41505563]"
1381;[ 677  685  705  933  996 1375 1376 1379 1381];"[0.45865707 0.43553492 0.45602589 0.5103935  0.5103935  0.75075872
 0.38924318 0.41505563 1.        ]"
1388;[1388];[1.]
1390;[1390];[1.]
1314;[1321 1332 1335 1371 1314 1372 1313 1328 1330 1319 1318];"[0.55962837 0.5364844  0.55586636 0.51346189 1.         0.43328574
 0.82334722 0.8013959  0.80888299 0.83321645 0.85291616]"
1372;[1321 1335 1371 1314 1372 1313 1328 1330 1319 1318];"[0.30477798 0.30276289 0.41695732 0.43328574 1.         0.37677457
 0.37949118 0.38571407 0.35362843 0.37460643]"
241;[241];[1.]
113;[113];[1.]
1108;[1108];[1.]
952;[1292 1293  952];[0.32367546 0.32367546 1.        ]
956;[ 956  957  959  961  962 1040  984  988];"[1.         0.6023175  0.6131689  0.61993368 0.57815615 0.59408528
 0.57937747 0.48420066]"
957;[ 956  957  959  961  962 1040  984  988];"[0.6023175  1.         0.73545474 0.73751997 0.69615336 0.64470722
 0.69474414 0.58905666]"
959;[ 956  957  959  961  962 1040  984  988];"[0.6131689  0.73545474 1.         0.69119037 0.6847576  0.66587342
 0.69157209 0.5690547 ]"
961;[ 956  957  959  961  962 1040  984  988];"[0.61993368 0.73751997 0.69119037 1.         0.75283938 0.64562692
 0.73476608 0.5756475 ]"
962;[ 956  957  959  961  962 1040  984  988];"[0.57815615 0.69615336 0.6847576  0.75283938 1.         0.63834859
 0.70036317 0.56179894]"
1040;[ 956  957  959  961  962 1040  984  988];"[0.59408528 0.64470722 0.66587342 0.64562692 0.63834859 1.
 0.63111797 0.54835096]"
984;[ 956  957  959  961  962 1040  984  988];"[0.57937747 0.69474414 0.69157209 0.73476608 0.70036317 0.63111797
 1.         0.56239458]"
988;[ 956  957  959  961  962 1040  984  988];"[0.48420066 0.58905666 0.5690547  0.5756475  0.56179894 0.54835096
 0.56239458 1.        ]"
923;[923];[1.]
924;[924];[1.]
925;[925];[1.]
972;[972];[1.]
973;[973];[1.]
1027;[1027];[1.]
1053;[1053];[1.]
1054;[1054];[1.]
1180;[1180];[1.]
1181;[1181];[1.]
1182;[1182];[1.]
1046;[1046];[1.]
715;[715];[1.]
819;[819];[1.]
353;[353];[1.]
438;[1055  438];[0.30747654 1.        ]
439;[439];[1.]
440;[440 841 842];[1.         0.31890953 0.31890953]
441;[441];[1.]
648;[648];[1.]
584;[584];[1.]
526;[526];[1.]
840;[840];[1.]
841;[440 841 842];[0.31890953 1.         1.        ]
842;[440 841 842];[0.31890953 1.         1.        ]
775;[775];[1.]
776;[776];[1.]
931;[ 931 1026];[1.        0.3177106]
986;[986];[1.]
987;[987];[1.]
707;[480 707 708 656];[0.34518827 1.         0.32023303 0.93971661]
708;[707 708];[0.32023303 1.        ]
656;[480 707 656];[0.3254267  0.93971661 1.        ]
790;[790];[1.]
791;[791 687];[1.        0.3783119]
828;[828];[1.]
837;[837];[1.]
838;[838];[1.]
732;[ 732  907  908  968 1155 1156  687];"[1.         0.39669656 0.4053092  0.56982182 0.37981831 0.3474539
 0.34404101]"
907;[ 732  907  908 1155 1156  687];[0.39669656 1.         0.46735935 0.42532605 0.45610536 0.47848743]
908;[ 732  907  908 1155 1156  687];[0.4053092  0.46735935 1.         0.42610142 0.35327879 0.3685175 ]
967;[ 967  894 1227];[1.         0.31282307 0.32453977]
968;[732 968];[0.56982182 1.        ]
969;[ 969 1156];[1.         0.76877483]
1155;[ 732  907  908 1155 1156  687];[0.37981831 0.42532605 0.42610142 1.         0.38233964 0.44032488]
1156;[ 732  907  908  969 1155 1156  687];"[0.3474539  0.45610536 0.35327879 0.76877483 0.38233964 1.
 0.37724525]"
687;[ 791  732  907  908 1155 1156  687];"[0.3783119  0.34404101 0.47848743 0.3685175  0.44032488 0.37724525
 1.        ]"
144;[144];[1.]
405;[405];[1.]
128;[128 130];[1. 1.]
130;[128 130];[1. 1.]
190;[190];[1.]
551;[551 725];[1.         0.59858484]
725;[551 725];[0.59858484 1.        ]
693;[693];[1.]
1287;[1287];[1.]
1291;[1291];[1.]
1346;[1346];[1.]
1284;[1284];[1.]
1257;[1297 1298 1257 1258 1259 1260 1261 1262  544];"[0.53582175 0.49684324 1.         0.60948787 0.52264919 0.55618289
 0.53155508 0.36792112 0.31092337]"
1258;[1297 1298 1257 1258 1259 1260 1261 1262  544];"[0.52699179 0.48313423 0.60948787 1.         0.49296051 0.54498453
 0.49805253 0.37481794 0.31470059]"
1259;[1297 1298 1257 1258 1259 1260 1261 1262];"[0.45149358 0.41835481 0.52264919 0.49296051 1.         0.48431656
 0.44029403 0.32998924]"
1260;[1297 1298 1257 1258 1259 1260 1261 1262];"[0.45643832 0.42666789 0.55618289 0.54498453 0.48431656 1.
 0.52337479 0.37260029]"
1261;[1297 1298 1257 1258 1259 1260 1261 1262  544];"[0.49912049 0.47090353 0.53155508 0.49805253 0.44029403 0.52337479
 1.         0.32653128 0.32297373]"
1262;[1297 1298 1257 1258 1259 1260 1261 1262  544];"[0.3274158  0.3807507  0.36792112 0.37481794 0.32998924 0.37260029
 0.32653128 1.         0.36009977]"
713;[713];[1.]
714;[714];[1.]
1151;[1151 1112];[1.         0.39031688]
1112;[1151 1112 1115];[0.39031688 1.         0.31236273]
1115;[1112 1115];[0.31236273 1.        ]
554;[ 554 1228];[1.         0.89991282]
792;[ 792  793  794  795  829  903 1028 1017];"[1.         0.60327756 0.9545338  0.9545338  0.32257149 0.3055914
 0.33761759 0.30674858]"
793;[ 792  793  794  795  829 1028];[0.60327756 1.         0.58136344 0.58136344 0.31335325 0.3135016 ]
794;[ 792  793  794  795  829 1028];[0.9545338  0.58136344 1.         1.         0.33094321 0.35858929]
795;[ 792  793  794  795  829 1028];[0.9545338  0.58136344 1.         1.         0.33094321 0.35858929]
829;[792 793 794 795 829 985];[0.32257149 0.31335325 0.33094321 0.33094321 1.         0.32809708]
903;[792 903 985];[0.3055914  1.         0.40380008]
985;[829 903 985];[0.32809708 0.40380008 1.        ]
1028;[ 792  793  794  795 1028];[0.33761759 0.3135016  0.35858929 0.35858929 1.        ]
1017;[ 792 1017 1148];[0.30674858 1.         0.34686493]
1148;[1017 1148];[0.34686493 1.        ]
1149;[1149];[1.]
1172;[1172];[1.]
1228;[ 554 1228];[0.89991282 1.        ]
1251;[1251];[1.]
768;"[ 768  769  770  942  894  895  850  852  760  761  992  993 1045 1209
 1215 1137 1138 1309 1277 1278 1285 1299 1300 1252 1253 1255 1230 1231
 1223 1224 1241]";"[1.         0.47126406 0.42180793 0.44804605 0.39519187 0.34205174
 0.40352337 0.87891788 0.32325518 0.56581581 0.93468791 0.4766722
 0.40236515 0.42872461 0.33035883 0.39508954 0.3196993  0.36755078
 0.40875962 0.31764655 0.32367762 0.37036282 0.37036282 0.43154798
 0.41296478 0.60590323 0.34384775 0.34384775 0.3184825  0.3184825
 0.99209751]"
769;"[ 768  769  770  942  894  895  850  851  852  853  760  761  992  993
  994 1045 1209 1215 1137 1138 1309 1277 1278 1279 1285 1299 1300 1252
 1253 1255 1230 1231 1223 1224 1241]";"[0.47126406 1.         0.50208716 0.57692206 0.49357952 0.45941317
 0.49704805 0.3851231  0.3482875  0.34954337 0.42154221 0.45843938
 0.46423555 0.82524567 0.3297394  0.5092832  0.69978974 0.3589243
 0.48789516 0.39517129 0.43289497 0.87326925 0.4374893  0.34192554
 0.38648602 0.44689043 0.44689043 0.53638297 0.5138044  0.50566313
 0.45055909 0.45055909 0.38983398 0.38983398 0.45739185]"
770;"[ 768  769  770  942  894  895  850  851  853  760  761  992  993  994
 1045 1209 1215 1137 1138 1309 1277 1278 1279 1285 1299 1300 1252 1253
 1255 1230 1231 1223 1224 1241]";"[0.42180793 0.50208716 1.         0.48189477 0.40482698 0.38578076
 0.51217561 0.3167064  0.39304405 0.41068504 0.395959   0.40107835
 0.49267561 0.30496336 0.46894162 0.4856034  0.35559645 0.53194792
 0.37388642 0.80755601 0.4384864  0.32369406 0.41525887 0.42949606
 0.82265356 0.82265356 0.47226312 0.53223379 0.42787538 0.38231634
 0.38231634 0.61181904 0.61181904 0.40934976]"
941;[ 941  942 1256 1239];[1.         0.31390392 0.62322391 0.50447457]
942;"[ 768  769  770  941  942  894  895  850  851  852  853  760  761  992
  993  994 1045 1209 1215 1137 1138 1309 1277 1278 1279 1285 1299 1300
 1252 1253 1255 1230 1231 1223 1224 1241]";"[0.44804605 0.57692206 0.48189477 0.31390392 1.         0.56069873
 0.44902441 0.46769359 0.35381309 0.34851439 0.33869803 0.4131202
 0.453135   0.48645834 0.62652667 0.36491427 0.53820642 0.54454592
 0.3277424  0.54045111 0.40066525 0.43043801 0.49588229 0.34482741
 0.32158089 0.42077617 0.43370048 0.43370048 0.55962794 0.51410951
 0.50491376 0.55869381 0.55869381 0.37701525 0.37701525 0.44704369]"
943;[943];[1.]
894;"[ 967  768  769  770  942  894  895  850  851  852  760  761  992  993
  994 1045 1209 1137 1138 1309 1277 1278 1285 1299 1300 1252 1253 1255
 1230 1231 1223 1224 1227 1241]";"[0.31282307 0.39519187 0.49357952 0.40482698 0.56069873 1.
 0.48488979 0.44877905 0.3003667  0.33973769 0.38108378 0.42920696
 0.42275224 0.53170325 0.31594408 0.54242877 0.441566   0.52083774
 0.35848625 0.34826327 0.42572541 0.37784548 0.37452615 0.36513068
 0.36513068 0.4873716  0.45790996 0.47397922 0.39034083 0.39034083
 0.3080718  0.3080718  0.49901176 0.3945119 ]"
895;"[ 768  769  770  942  894  895  850  760  761  992  993 1045 1209 1137
 1138 1309 1277 1278 1279 1285 1299 1300 1252 1253 1255 1230 1231 1223
 1224 1241]";"[0.34205174 0.45941317 0.38578076 0.44902441 0.48488979 1.
 0.67115059 0.30198365 0.36416252 0.3563607  0.47231354 0.43259619
 0.40670964 0.41046439 0.3328675  0.33779983 0.38684431 0.3089631
 0.43212663 0.53976777 0.35013116 0.35013116 0.43997503 0.71879293
 0.4037349  0.40244787 0.40244787 0.31882877 0.31882877 0.34135172]"
850;"[ 768  769  770  942  894  895  850  851  853  760  761  992  993  994
 1045 1209 1215 1137 1138 1309 1277 1278 1279 1285 1299 1300 1252 1253
 1255 1230 1231 1223 1224 1241]";"[0.40352337 0.49704805 0.51217561 0.46769359 0.44877905 0.67115059
 1.         0.32158285 0.32898312 0.36989368 0.37377717 0.37789347
 0.48421933 0.30875987 0.43331038 0.4577145  0.30592522 0.44283617
 0.34422013 0.43263184 0.42028999 0.31066332 0.5697644  0.59168002
 0.44651112 0.44651112 0.46125408 0.89709729 0.41616423 0.41409568
 0.41409568 0.42186164 0.42186164 0.39018257]"
851;[ 769  770  942  894  850  851  761  993 1209 1277 1253 1255 1239];"[0.3851231  0.3167064  0.35381309 0.3003667  0.32158285 1.
 0.30885759 0.33482819 0.3318839  0.34947825 0.31328335 0.31481504
 0.34424534]"
852;[ 768  769  942  894  852  761  992  993 1045 1209 1277 1252 1255 1241];"[0.87891788 0.3482875  0.34851439 0.33973769 1.         0.41908188
 0.93734639 0.38957232 0.30972498 0.31159735 0.34108033 0.34350979
 0.42174188 0.88655696]"
853;"[ 769  770  942  850  853  761  993 1045 1209 1215 1137 1309 1277 1299
 1300 1252 1253 1255]";"[0.34954337 0.39304405 0.33869803 0.32898312 1.         0.30509358
 0.33778612 0.33701993 0.36458791 0.43090205 0.35262675 0.3527282
 0.31702677 0.36216606 0.36216606 0.32863556 0.35190995 0.3255252 ]"
760;"[ 768  769  770  942  894  895  850  760  761  992  993 1045 1209 1137
 1309 1277 1285 1299 1300 1252 1253 1255 1230 1231 1223 1224 1241]";"[0.32325518 0.42154221 0.41068504 0.4131202  0.38108378 0.30198365
 0.36989368 1.         0.30889661 0.31190928 0.41698868 0.39375315
 0.38429838 0.42870644 0.35702728 0.35405198 0.30850853 0.36816481
 0.36816481 0.38871029 0.39704446 0.34336346 0.33554058 0.33554058
 0.3016121  0.3016121  0.3124821 ]"
761;"[ 768  769  770  942  894  895  850  851  852  853  760  761  992  993
 1045 1209 1215 1137 1309 1277 1278 1285 1299 1300 1302 1252 1253 1255
 1230 1231 1223 1224 1241]";"[0.56581581 0.45843938 0.395959   0.453135   0.42920696 0.36416252
 0.37377717 0.30885759 0.41908188 0.30509358 0.30889661 1.
 0.47240794 0.45643209 0.3872041  0.4380101  0.31571706 0.38190005
 0.49348613 0.55004828 0.41350011 0.43263244 0.49534378 0.49534378
 0.32141357 0.41749931 0.40012373 0.93320826 0.36963573 0.36963573
 0.30042255 0.30042255 0.56654203]"
992;"[ 768  769  770  942  894  895  850  852  760  761  992  993 1045 1209
 1215 1137 1138 1309 1277 1278 1285 1299 1300 1252 1253 1255 1230 1231
 1223 1224 1241]";"[0.93468791 0.46423555 0.40107835 0.48645834 0.42275224 0.3563607
 0.37789347 0.93734639 0.31190928 0.47240794 1.         0.51794858
 0.43017223 0.43235134 0.30069706 0.42492432 0.34035858 0.35432493
 0.41265337 0.30590047 0.35109526 0.35774218 0.35774218 0.46526127
 0.40277422 0.5107715  0.37068491 0.37068491 0.31075687 0.31075687
 0.94246652]"
993;"[ 768  769  770  942  894  895  850  851  852  853  760  761  992  993
  994 1045 1209 1215 1137 1138 1309 1277 1278 1279 1285 1299 1300 1252
 1253 1255 1229 1230 1231 1223 1224 1241]";"[0.4766722  0.82524567 0.49267561 0.62652667 0.53170325 0.47231354
 0.48421933 0.33482819 0.38957232 0.33778612 0.41698868 0.45643209
 0.51794858 1.         0.35211882 0.57670417 0.55202422 0.34125588
 0.5358955  0.41453196 0.43771276 0.80685571 0.36576608 0.31750209
 0.42771475 0.44065504 0.44065504 0.60962623 0.52062056 0.50685587
 0.30390201 0.48033753 0.48033753 0.38139609 0.38139609 0.47598247]"
994;[ 769  770  942  894  850  993  994 1045 1209 1137 1252 1253];"[0.3297394  0.30496336 0.36491427 0.31594408 0.30875987 0.35211882
 1.         0.35744486 0.35248266 0.33602815 0.36248056 0.33217946]"
1044;[1044];[1.]
1045;"[ 768  769  770  942  894  895  850  852  853  760  761  992  993  994
 1045 1209 1137 1138 1309 1277 1278 1279 1285 1299 1300 1252 1253 1255
 1230 1231 1223 1224 1241]";"[0.40236515 0.5092832  0.46894162 0.53820642 0.54242877 0.43259619
 0.43331038 0.30972498 0.33701993 0.39375315 0.3872041  0.43017223
 0.57670417 0.35744486 1.         0.6020478  0.49498105 0.39287296
 0.42960232 0.45938127 0.48486909 0.34264156 0.42686906 0.4239262
 0.4239262  0.7068218  0.46606515 0.42947253 0.42998557 0.42998557
 0.36746777 0.36746777 0.4015967 ]"
1209;"[ 768  769  770  942  894  895  850  851  852  853  760  761  992  993
  994 1045 1209 1215 1137 1138 1309 1277 1278 1279 1285 1299 1300 1252
 1253 1255 1230 1231 1223 1224 1241]";"[0.42872461 0.69978974 0.4856034  0.54454592 0.441566   0.40670964
 0.4577145  0.3318839  0.31159735 0.36458791 0.38429838 0.4380101
 0.43235134 0.55202422 0.35248266 0.6020478  1.         0.34195426
 0.49194091 0.40881618 0.43271109 0.64093122 0.53819161 0.33295563
 0.40522524 0.45846384 0.45846384 0.67304135 0.49025149 0.50407897
 0.4405705  0.4405705  0.3806386  0.3806386  0.42809615]"
1215;"[ 768  769  770  942  850  853  761  992  993 1209 1215 1309 1277 1299
 1300 1252 1253 1255 1241]";"[0.33035883 0.3589243  0.35559645 0.3277424  0.30592522 0.43090205
 0.31571706 0.30069706 0.34125588 0.34195426 1.         0.31458683
 0.31619747 0.31544628 0.31544628 0.31462268 0.32454913 0.34333469
 0.33049724]"
1216;[1216 1217 1218];[1. 1. 1.]
1217;[1216 1217 1218];[1. 1. 1.]
1218;[1216 1217 1218];[1. 1. 1.]
1137;"[ 768  769  770  942  894  895  850  853  760  761  992  993  994 1045
 1209 1137 1138 1309 1277 1278 1279 1285 1299 1300 1252 1253 1255 1230
 1231 1223 1224 1241]";"[0.39508954 0.48789516 0.53194792 0.54045111 0.52083774 0.41046439
 0.44283617 0.35262675 0.42870644 0.38190005 0.42492432 0.5358955
 0.33602815 0.49498105 0.49194091 1.         0.42965358 0.44731157
 0.42070851 0.34271462 0.33954193 0.42537721 0.46849858 0.46849858
 0.51312326 0.48605791 0.42928908 0.41602501 0.41602501 0.40877778
 0.40877778 0.39396207]"
1138;"[ 768  769  770  942  894  895  850  992  993 1045 1209 1137 1138 1309
 1277 1278 1299 1300 1252 1253 1255 1230 1231 1223 1224 1241]";"[0.3196993  0.39517129 0.37388642 0.40066525 0.35848625 0.3328675
 0.34422013 0.34035858 0.41453196 0.39287296 0.40881618 0.42965358
 1.         0.33628971 0.3254987  0.30806773 0.31360298 0.31360298
 0.39444585 0.37157014 0.32561932 0.34007493 0.34007493 0.30765375
 0.30765375 0.31802817]"
1309;"[ 768  769  770  942  894  895  850  853  760  761  992  993 1045 1209
 1215 1137 1138 1309 1277 1278 1279 1285 1299 1300 1302 1252 1253 1255
 1230 1231 1223 1224 1241]";"[0.36755078 0.43289497 0.80755601 0.43043801 0.34826327 0.33779983
 0.43263184 0.3527282  0.35702728 0.49348613 0.35432493 0.43771276
 0.42960232 0.43271109 0.31458683 0.44731157 0.33628971 1.
 0.53160193 0.40895559 0.3776784  0.50908846 0.89327667 0.89327667
 0.30472466 0.43121486 0.47275633 0.39997969 0.34591506 0.34591506
 0.51761756 0.51761756 0.36685753]"
1277;"[ 768  769  770  942  894  895  850  851  852  853  760  761  992  993
 1045 1209 1215 1137 1138 1309 1277 1278 1285 1299 1300 1302 1252 1253
 1255 1230 1231 1223 1224 1241]";"[0.40875962 0.87326925 0.4384864  0.49588229 0.42572541 0.38684431
 0.42028999 0.34947825 0.34108033 0.31702677 0.35405198 0.55004828
 0.41265337 0.80685571 0.45938127 0.64093122 0.31619747 0.42070851
 0.3254987  0.53160193 1.         0.53964943 0.48257021 0.53296524
 0.53296524 0.31515433 0.49006347 0.45107377 0.4627994  0.39512131
 0.39512131 0.34310295 0.34310295 0.40819662]"
1278;"[ 768  769  770  942  894  895  850  761  992  993 1045 1209 1137 1138
 1309 1277 1278 1285 1299 1300 1252 1253 1255 1241]";"[0.31764655 0.4374893  0.32369406 0.34482741 0.37784548 0.3089631
 0.31066332 0.41350011 0.30590047 0.36576608 0.48486909 0.53819161
 0.34271462 0.30806773 0.40895559 0.53964943 1.         0.39429159
 0.40700376 0.40700376 0.469597   0.32773245 0.33797941 0.31694359]"
1279;"[ 769  770  942  895  850  993 1045 1209 1137 1309 1279 1285 1299 1300
 1252 1253 1255 1230 1231 1223 1224]";"[0.34192554 0.41525887 0.32158089 0.43212663 0.5697644  0.31750209
 0.34264156 0.33295563 0.33954193 0.3776784  1.         0.38850456
 0.37744442 0.37744442 0.33990414 0.56074591 0.30870909 0.31240254
 0.31240254 0.33198175 0.33198175]"
1285;"[ 768  769  770  942  894  895  850  760  761  992  993 1045 1209 1137
 1309 1277 1278 1279 1285 1299 1300 1252 1253 1255 1230 1231 1223 1224
 1241]";"[0.32367762 0.38648602 0.42949606 0.42077617 0.37452615 0.53976777
 0.59168002 0.30850853 0.43263244 0.35109526 0.42771475 0.42686906
 0.40522524 0.42537721 0.50908846 0.48257021 0.39429159 0.38850456
 1.         0.54416675 0.54416675 0.42525901 0.65051387 0.36198677
 0.38363474 0.38363474 0.32522298 0.32522298 0.32264822]"
1299;"[ 768  769  770  942  894  895  850  853  760  761  992  993 1045 1209
 1215 1137 1138 1309 1277 1278 1279 1285 1299 1300 1302 1252 1253 1255
 1230 1231 1223 1224 1241]";"[0.37036282 0.44689043 0.82265356 0.43370048 0.36513068 0.35013116
 0.44651112 0.36216606 0.36816481 0.49534378 0.35774218 0.44065504
 0.4239262  0.45846384 0.31544628 0.46849858 0.31360298 0.89327667
 0.53296524 0.40700376 0.37744442 0.54416675 1.         1.
 0.30144072 0.42542478 0.48611738 0.42236165 0.36735573 0.36735573
 0.57104161 0.57104161 0.36970519]"
1300;"[ 768  769  770  942  894  895  850  853  760  761  992  993 1045 1209
 1215 1137 1138 1309 1277 1278 1279 1285 1299 1300 1302 1252 1253 1255
 1230 1231 1223 1224 1241]";"[0.37036282 0.44689043 0.82265356 0.43370048 0.36513068 0.35013116
 0.44651112 0.36216606 0.36816481 0.49534378 0.35774218 0.44065504
 0.4239262  0.45846384 0.31544628 0.46849858 0.31360298 0.89327667
 0.53296524 0.40700376 0.37744442 0.54416675 1.         1.
 0.30144072 0.42542478 0.48611738 0.42236165 0.36735573 0.36735573
 0.57104161 0.57104161 0.36970519]"
1302;[ 761 1309 1277 1299 1300 1302];[0.32141357 0.30472466 0.31515433 0.30144072 0.30144072 1.        ]
1252;"[ 768  769  770  942  894  895  850  852  853  760  761  992  993  994
 1045 1209 1215 1137 1138 1309 1277 1278 1279 1285 1299 1300 1252 1253
 1255 1229 1230 1231 1223 1224 1241]";"[0.43154798 0.53638297 0.47226312 0.55962794 0.4873716  0.43997503
 0.46125408 0.34350979 0.32863556 0.38871029 0.41749931 0.46526127
 0.60962623 0.36248056 0.7068218  0.67304135 0.31462268 0.51312326
 0.39444585 0.43121486 0.49006347 0.469597   0.33990414 0.42525901
 0.42542478 0.42542478 1.         0.49310285 0.46198676 0.31611658
 0.44482384 0.44482384 0.36940382 0.36940382 0.4308259 ]"
1253;"[ 768  769  770  942  894  895  850  851  853  760  761  992  993  994
 1045 1209 1215 1137 1138 1309 1277 1278 1279 1285 1299 1300 1252 1253
 1255 1230 1231 1223 1224 1241]";"[0.41296478 0.5138044  0.53223379 0.51410951 0.45790996 0.71879293
 0.89709729 0.31328335 0.35190995 0.39704446 0.40012373 0.40277422
 0.52062056 0.33217946 0.46606515 0.49025149 0.32454913 0.48605791
 0.37157014 0.47275633 0.45107377 0.32773245 0.56074591 0.65051387
 0.48611738 0.48611738 0.49310285 1.         0.44310825 0.44059265
 0.44059265 0.45340961 0.45340961 0.41245641]"
1255;"[ 768  769  770  942  894  895  850  851  852  853  760  761  992  993
 1045 1209 1215 1137 1138 1309 1277 1278 1279 1285 1299 1300 1252 1253
 1255 1230 1231 1223 1224 1241]";"[0.60590323 0.50566313 0.42787538 0.50491376 0.47397922 0.4037349
 0.41616423 0.31481504 0.42174188 0.3255252  0.34336346 0.93320826
 0.5107715  0.50685587 0.42947253 0.50407897 0.34333469 0.42928908
 0.32561932 0.39997969 0.4627994  0.33797941 0.30870909 0.36198677
 0.42236165 0.42236165 0.46198676 0.44310825 1.         0.42647984
 0.42647984 0.3308655  0.3308655  0.60676355]"
1256;[ 941 1256 1239];[0.62322391 1.         0.80090883]
1229;[ 993 1252 1229];[0.30390201 0.31611658 1.        ]
1230;"[ 768  769  770  942  894  895  850  760  761  992  993 1045 1209 1137
 1138 1309 1277 1279 1285 1299 1300 1252 1253 1255 1230 1231 1223 1224
 1241]";"[0.34384775 0.45055909 0.38231634 0.55869381 0.39034083 0.40244787
 0.41409568 0.33554058 0.36963573 0.37068491 0.48033753 0.42998557
 0.4405705  0.41602501 0.34007493 0.34591506 0.39512131 0.31240254
 0.38363474 0.36735573 0.36735573 0.44482384 0.44059265 0.42647984
 1.         1.         0.31931948 0.31931948 0.34326117]"
1231;"[ 768  769  770  942  894  895  850  760  761  992  993 1045 1209 1137
 1138 1309 1277 1279 1285 1299 1300 1252 1253 1255 1230 1231 1223 1224
 1241]";"[0.34384775 0.45055909 0.38231634 0.55869381 0.39034083 0.40244787
 0.41409568 0.33554058 0.36963573 0.37068491 0.48033753 0.42998557
 0.4405705  0.41602501 0.34007493 0.34591506 0.39512131 0.31240254
 0.38363474 0.36735573 0.36735573 0.44482384 0.44059265 0.42647984
 1.         1.         0.31931948 0.31931948 0.34326117]"
1223;"[ 768  769  770  942  894  895  850  760  761  992  993 1045 1209 1137
 1138 1309 1277 1279 1285 1299 1300 1252 1253 1255 1230 1231 1223 1224
 1241]";"[0.3184825  0.38983398 0.61181904 0.37701525 0.3080718  0.31882877
 0.42186164 0.3016121  0.30042255 0.31075687 0.38139609 0.36746777
 0.3806386  0.40877778 0.30765375 0.51761756 0.34310295 0.33198175
 0.32522298 0.57104161 0.57104161 0.36940382 0.45340961 0.3308655
 0.31931948 0.31931948 1.         1.         0.31809817]"
1224;"[ 768  769  770  942  894  895  850  760  761  992  993 1045 1209 1137
 1138 1309 1277 1279 1285 1299 1300 1252 1253 1255 1230 1231 1223 1224
 1241]";"[0.3184825  0.38983398 0.61181904 0.37701525 0.3080718  0.31882877
 0.42186164 0.3016121  0.30042255 0.31075687 0.38139609 0.36746777
 0.3806386  0.40877778 0.30765375 0.51761756 0.34310295 0.33198175
 0.32522298 0.57104161 0.57104161 0.36940382 0.45340961 0.3308655
 0.31931948 0.31931948 1.         1.         0.31809817]"
1227;[ 967  894 1227];[0.32453977 0.49901176 1.        ]
1239;[ 941  851 1256 1239];[0.50447457 0.34424534 0.80090883 1.        ]
1241;"[ 768  769  770  942  894  895  850  852  760  761  992  993 1045 1209
 1215 1137 1138 1309 1277 1278 1285 1299 1300 1252 1253 1255 1230 1231
 1223 1224 1241]";"[0.99209751 0.45739185 0.40934976 0.44704369 0.3945119  0.34135172
 0.39018257 0.88655696 0.3124821  0.56654203 0.94246652 0.47598247
 0.4015967  0.42809615 0.33049724 0.39396207 0.31802817 0.36685753
 0.40819662 0.31694359 0.32264822 0.36970519 0.36970519 0.4308259
 0.41245641 0.60676355 0.34326117 0.34326117 0.31809817 0.31809817
 1.        ]"
1374;[1374 1367 1368 1369 1370];[1.         1.         0.99339315 0.99339315 0.99339315]
1367;[1374 1367 1368 1369 1370];[1.         1.         0.99339315 0.99339315 0.99339315]
1368;[1374 1367 1368 1369 1370];[0.99339315 0.99339315 1.         1.         1.        ]
1369;[1374 1367 1368 1369 1370];[0.99339315 0.99339315 1.         1.         1.        ]
1370;[1374 1367 1368 1369 1370];[0.99339315 0.99339315 1.         1.         1.        ]
854;[854];[1.]
855;[855];[1.]
856;"[ 856  874  876  878  879 1348 1357 1361 1363 1364 1365 1366 1373 1339
 1340 1342 1343 1344 1345]";"[1.         0.98863812 0.46506134 0.45267336 0.45267336 0.3387224
 0.34366728 0.307762   0.32381099 0.32114485 0.3336808  0.32399346
 0.50989357 0.39035968 0.34649222 0.33201017 0.32525885 0.48875286
 0.30977234]"
805;[805 806 807 873 875];[1.         0.40199876 0.49578911 0.49340936 0.65568612]
806;[805 806 807 873 875];[0.40199876 1.         0.40052181 0.39859933 0.41638765]
807;[805 806 807 873 875 878 879];"[0.49578911 0.40052181 1.         0.99520006 0.47267029 0.67085437
 0.67085437]"
808;[759 808];[0.32041356 1.        ]
873;[805 806 807 873 875 878 879];"[0.49340936 0.39859933 0.99520006 1.         0.4704015  0.66763431
 0.66763431]"
874;"[ 856  874  876  878  879 1348 1357 1361 1363 1365 1366 1373 1339 1340
 1342 1343 1344]";"[0.98863812 1.         0.46828021 0.44719672 0.44719672 0.34204006
 0.34215638 0.31264285 0.32178033 0.31465227 0.30507712 0.46261144
 0.39680706 0.35342836 0.3368574  0.30801547 0.44356916]"
875;[ 805  806  807  873  875 1345];[0.65568612 0.41638765 0.47267029 0.4704015  1.         0.30657385]
876;"[ 856  874  876  878  879 1348 1357 1361 1363 1365 1366 1339 1340 1342
 1343 1344 1345]";"[0.46506134 0.46828021 1.         0.48403898 0.48403898 0.3940943
 0.39147613 0.393393   0.39039262 0.36056315 0.36385203 0.59160938
 0.46064065 0.44916858 0.39033455 0.30884013 0.35136711]"
877;[877];[1.]
878;"[ 856  807  873  874  876  878  879 1348 1357 1361 1363 1365 1366 1339
 1340 1342 1343 1344 1345]";"[0.45267336 0.67085437 0.66763431 0.44719672 0.48403898 1.
 1.         0.37090226 0.36552551 0.36056866 0.37836962 0.38006734
 0.34979984 0.45263335 0.39538727 0.38517267 0.35337177 0.36290397
 0.36019927]"
879;"[ 856  807  873  874  876  878  879 1348 1357 1361 1363 1365 1366 1339
 1340 1342 1343 1344 1345]";"[0.45267336 0.67085437 0.66763431 0.44719672 0.48403898 1.
 1.         0.37090226 0.36552551 0.36056866 0.37836962 0.38006734
 0.34979984 0.45263335 0.39538727 0.38517267 0.35337177 0.36290397
 0.36019927]"
1113;[1113 1114 1364 1365 1366 1373 1343 1344 1345];"[1.         0.6413119  0.41039791 0.4079578  0.40782637 0.38024336
 0.42275386 0.41806092 0.40392789]"
1114;[1113 1114 1364 1365 1366 1373 1343 1344 1345];"[0.6413119  1.         0.36537616 0.38595054 0.37476688 0.34453768
 0.39220184 0.38993077 0.38794002]"
1348;"[ 856  874  876  878  879 1348 1357 1361 1363 1365 1366 1339 1340 1342
 1343 1345]";"[0.3387224  0.34204006 0.3940943  0.37090226 0.37090226 1.
 0.71723485 0.67584897 0.68063442 0.54238792 0.55109378 0.69393666
 0.68974159 0.66021001 0.52129411 0.51460398]"
1357;"[ 856  874  876  878  879 1348 1357 1361 1363 1365 1366 1339 1340 1342
 1343 1345]";"[0.34366728 0.34215638 0.39147613 0.36552551 0.36552551 0.71723485
 1.         0.64867515 0.69608311 0.51482364 0.5207109  0.64703897
 0.63478089 0.61558709 0.49543067 0.50108777]"
1361;"[ 856  874  876  878  879 1348 1357 1361 1363 1365 1366 1339 1340 1342
 1343 1345]";"[0.307762   0.31264285 0.393393   0.36056866 0.36056866 0.67584897
 0.64867515 1.         0.86536983 0.49980989 0.61481254 0.64380969
 0.61253213 0.58027953 0.450692   0.48658876]"
1363;"[ 856  874  876  878  879 1348 1357 1361 1363 1365 1366 1339 1340 1342
 1343 1344 1345]";"[0.32381099 0.32178033 0.39039262 0.37836962 0.37836962 0.68063442
 0.69608311 0.86536983 1.         0.53705517 0.58472447 0.6321991
 0.62335908 0.59411819 0.50194825 0.3050185  0.52298332]"
1364;[ 856 1113 1114 1364 1365 1366 1373 1343 1344 1345];"[0.32114485 0.41039791 0.36537616 1.         0.66204498 0.65625289
 0.75548019 0.6796555  0.79511034 0.67742444]"
1365;"[ 856  874  876  878  879 1113 1114 1348 1357 1361 1363 1364 1365 1366
 1373 1339 1340 1342 1343 1344 1345]";"[0.3336808  0.31465227 0.36056315 0.38006734 0.38006734 0.4079578
 0.38595054 0.54238792 0.51482364 0.49980989 0.53705517 0.66204498
 1.         0.87130859 0.63133466 0.53091081 0.51860536 0.49830775
 0.87001771 0.69444412 0.87691677]"
1366;"[ 856  874  876  878  879 1113 1114 1348 1357 1361 1363 1364 1365 1366
 1373 1339 1340 1342 1343 1344 1345]";"[0.32399346 0.30507712 0.36385203 0.34979984 0.34979984 0.40782637
 0.37476688 0.55109378 0.5207109  0.61481254 0.58472447 0.65625289
 0.87130859 1.         0.61467923 0.53181732 0.50437092 0.48641225
 0.85637237 0.69007438 0.87800262]"
1373;[ 856  874 1113 1114 1364 1365 1366 1373 1343 1344 1345];"[0.50989357 0.46261144 0.38024336 0.34453768 0.75548019 0.63133466
 0.61467923 1.         0.63247556 0.82027321 0.61949983]"
1339;"[ 856  874  876  878  879 1348 1357 1361 1363 1365 1366 1339 1340 1342
 1343 1344 1345]";"[0.39035968 0.39680706 0.59160938 0.45263335 0.45263335 0.69393666
 0.64703897 0.64380969 0.6321991  0.53091081 0.53181732 1.
 0.78692853 0.74035072 0.5827771  0.30226444 0.5198684 ]"
1340;"[ 856  874  876  878  879 1348 1357 1361 1363 1365 1366 1339 1340 1342
 1343 1345]";"[0.34649222 0.35342836 0.46064065 0.39538727 0.39538727 0.68974159
 0.63478089 0.61253213 0.62335908 0.51860536 0.50437092 0.78692853
 1.         0.89244165 0.6711983  0.49938328]"
1342;"[ 856  874  876  878  879 1348 1357 1361 1363 1365 1366 1339 1340 1342
 1343 1345]";"[0.33201017 0.3368574  0.44916858 0.38517267 0.38517267 0.66021001
 0.61558709 0.58027953 0.59411819 0.49830775 0.48641225 0.74035072
 0.89244165 1.         0.63955188 0.48410909]"
1343;"[ 856  874  876  878  879 1113 1114 1348 1357 1361 1363 1364 1365 1366
 1373 1339 1340 1342 1343 1344 1345]";"[0.32525885 0.30801547 0.39033455 0.35337177 0.35337177 0.42275386
 0.39220184 0.52129411 0.49543067 0.450692   0.50194825 0.6796555
 0.87001771 0.85637237 0.63247556 0.5827771  0.6711983  0.63955188
 1.         0.70700462 0.87718925]"
1344;"[ 856  874  876  878  879 1113 1114 1363 1364 1365 1366 1373 1339 1343
 1344 1345]";"[0.48875286 0.44356916 0.30884013 0.36290397 0.36290397 0.41806092
 0.38993077 0.3050185  0.79511034 0.69444412 0.69007438 0.82027321
 0.30226444 0.70700462 1.         0.70439068]"
1345;"[ 856  875  876  878  879 1113 1114 1348 1357 1361 1363 1364 1365 1366
 1373 1339 1340 1342 1343 1344 1345]";"[0.30977234 0.30657385 0.35136711 0.36019927 0.36019927 0.40392789
 0.38794002 0.51460398 0.50108777 0.48658876 0.52298332 0.67742444
 0.87691677 0.87800262 0.61949983 0.5198684  0.49938328 0.48410909
 0.87718925 0.70439068 1.        ]"
323;[323];[1.]
389;[537 389 390];[0.3544138  1.         0.98314512]
390;[537 389 390];[0.35405264 0.98314512 1.        ]
503;[503];[1.]
504;[504 639 815];[1.         0.38112694 0.45259983]
506;[506 640];[1.         0.33292585]
580;[580];[1.]
638;[638 639 640 641 642 643 929 796];"[1.         0.3341158  0.41236708 0.32775651 0.43011722 0.31163208
 0.67492636 0.32845884]"
639;[504 638 639 640 643 796 815];"[0.38112694 0.3341158  1.         0.30201086 0.34200023 0.71060119
 0.36031639]"
640;[506 638 639 640 929];[0.33292585 0.41236708 0.30201086 1.         0.30230452]
641;[638 641 929];[0.32775651 1.         0.33192629]
642;[ 638  642  643 1117 1118  929];[0.43011722 1.         0.60286118 0.5380057  0.52772228 0.30933943]
643;[ 638  639  642  643 1117 1118  815];"[0.31163208 0.34200023 0.60286118 1.         0.65859034 0.59345869
 0.32952637]"
1116;[1116];[1.]
1117;[ 642  643 1117 1118  815];[0.5380057  0.65859034 1.         0.66477581 0.31584732]
1118;[ 642  643 1117 1118  974];[0.52772228 0.59345869 0.66477581 1.         0.59195875]
1025;[1025];[1.]
1026;[ 809  931 1026];[0.32288566 0.3177106  1.        ]
974;[1118  974];[0.59195875 1.        ]
929;[638 640 641 642 929 930];[0.67492636 0.30230452 0.33192629 0.30933943 1.         0.31064178]
930;[929 930];[0.31064178 1.        ]
796;[638 639 796 815];[0.32845884 0.71060119 1.         0.34400423]
815;[ 504  639  643 1117  796  815];[0.45259983 0.36031639 0.32952637 0.31584732 0.34400423 1.        ]
544;[1297 1298 1257 1258 1261 1262  544];"[0.38571809 0.45108587 0.31092337 0.31470059 0.32297373 0.36009977
 1.        ]"
604;[604];[1.]
1205;[1205 1206 1219  518];[1.         0.42836847 0.32985313 0.30159099]
1206;[1205 1206 1219];[0.42836847 1.         0.36862826]
1219;[1205 1206 1219];[0.32985313 0.36862826 1.        ]
1202;[1202  517];[1.         0.40931063]
581;[581 582 583];[1. 1. 1.]
582;[581 582 583];[1. 1. 1.]
583;[581 582 583];[1. 1. 1.]
1136;[1136 1060  909];[1.         0.44656183 0.30388395]
1059;[1059  844];[1.         0.49819646]
1060;[1136 1060];[0.44656183 1.        ]
1061;[1061  910  843  845  846  848  849];"[1.         0.37457952 0.51164643 0.53231544 0.6849412  0.41694968
 0.41694968]"
965;[965];[1.]
966;[966 909];[1.         0.71951549]
1004;[1004];[1.]
1005;[1005];[1.]
909;[1136  966  909];[0.30388395 0.71951549 1.        ]
910;[1061  910  843  846];[0.37457952 1.         0.44196895 0.36867881]
843;[1061  910  843  845  846  848  849];"[0.51164643 0.44196895 1.         0.40722416 0.56674048 0.34686461
 0.34686461]"
844;[1059  844];[0.49819646 1.        ]
845;[1061  843  845  846  848  849];[0.53231544 0.40722416 1.         0.56111942 0.56788473 0.56788473]
846;[1061  910  843  845  846  848  849];"[0.6849412  0.36867881 0.56674048 0.56111942 1.         0.4194098
 0.4194098 ]"
847;[847];[1.]
848;[1061  843  845  846  848  849];[0.41694968 0.34686461 0.56788473 0.4194098  1.         1.        ]
849;[1061  843  845  846  848  849];[0.41694968 0.34686461 0.56788473 0.4194098  1.         1.        ]
1003;[1003];[1.]
461;[461 462 463 465 466 116 117 118 122 124 579];"[1.         0.54314246 0.38782789 0.3766832  0.36260035 0.38752791
 0.5031513  0.5031513  0.31450551 1.         0.3388827 ]"
462;[461 462 463 465 466 116 117 118 122 124 579];"[0.54314246 1.         0.40924038 0.39602498 0.3836625  0.40468538
 0.53817264 0.53817264 0.40725397 0.54314246 0.43421117]"
463;[461 462 463 465 466 116 117 118 122 124 579];"[0.38782789 0.40924038 1.         0.50295713 0.5606003  0.47082521
 0.35783998 0.35783998 0.41157788 0.38782789 0.43651314]"
464;[464];[1.]
465;[461 462 463 465 466 116 117 118 122 124 579];"[0.3766832  0.39602498 0.50295713 1.         0.50137501 0.43487915
 0.35890863 0.35890863 0.39164617 0.3766832  0.41478773]"
466;[461 462 463 465 466 116 117 118 122 124 579];"[0.36260035 0.3836625  0.5606003  0.50137501 1.         0.41438028
 0.35065046 0.35065046 0.4028751  0.36260035 0.42635272]"
30;[30];[1.]
116;[461 462 463 465 466 116 117 118 122 124 579];"[0.38752791 0.40468538 0.47082521 0.43487915 0.41438028 1.
 0.38468122 0.38468122 0.36805527 0.38752791 0.39277952]"
117;[461 462 463 465 466 116 117 118 122 124 579];"[0.5031513  0.53817264 0.35783998 0.35890863 0.35065046 0.38468122
 1.         1.         0.30750372 0.5031513  0.33083504]"
118;[461 462 463 465 466 116 117 118 122 124 579];"[0.5031513  0.53817264 0.35783998 0.35890863 0.35065046 0.38468122
 1.         1.         0.30750372 0.5031513  0.33083504]"
122;[461 462 463 465 466 116 117 118 122 124 579];"[0.31450551 0.40725397 0.41157788 0.39164617 0.4028751  0.36805527
 0.30750372 0.30750372 1.         0.31450551 0.96870261]"
124;[461 462 463 465 466 116 117 118 122 124 579];"[1.         0.54314246 0.38782789 0.3766832  0.36260035 0.38752791
 0.5031513  0.5031513  0.31450551 1.         0.3388827 ]"
579;[461 462 463 465 466 116 117 118 122 124 579];"[0.3388827  0.43421117 0.43651314 0.41478773 0.42635272 0.39277952
 0.33083504 0.33083504 0.96870261 0.3388827  1.        ]"
1275;[1275];[1.]
1276;[1276];[1.]
1198;[1198];[1.]
246;[246];[1.]
523;[523 527];[1.         0.32831373]
527;[523 527 518];[0.32831373 1.         0.35302272]
518;[1205  527  518];[0.30159099 0.35302272 1.        ]
573;[573];[1.]
356;[356];[1.]
1242;[1242];[1.]
259;[259 260 262];[1.         0.97096434 0.41821679]
260;[259 260 262];[0.97096434 1.         0.41763823]
262;[259 260 262];[0.41821679 0.41763823 1.        ]
1296;[1296];[1.]
1286;[1286];[1.]
1237;[1237 1238];[1. 1.]
1238;[1237 1238];[1. 1.]
1109;[1109 1110];[1.         0.39800491]
1110;[1109 1110];[0.39800491 1.        ]
1179;[1179];[1.]
33;[33];[1.]
191;[191];[1.]
625;[625];[1.]
569;[569];[1.]
570;[570];[1.]
55;[55];[1.]
115;[115 140 243];[1.         0.31137248 0.43817581]
106;[106];[1.]
140;[115 140];[0.31137248 1.        ]
243;[115 243];[0.43817581 1.        ]
704;[704];[1.]
995;[995];[1.]
575;[575];[1.]
576;[576];[1.]
497;[497];[1.]
622;[622];[1.]
1195;[1195];[1.]
1197;[1197];[1.]
517;[1202  517  514  515];[0.40931063 1.         0.38539844 0.33281238]
514;[517 514 515];[0.38539844 1.         0.39266776]
515;[517 514 515];[0.33281238 0.39266776 1.        ]
549;[549];[1.]
556;[556 560 561 562 563];[1.         0.49186316 0.48685637 0.48735318 0.5509648 ]
557;[557];[1.]
559;[559];[1.]
560;[556 560 561 562 563];[0.49186316 1.         0.50006164 0.50436841 0.55845352]
561;[556 560 561 562 563];[0.48685637 0.50006164 1.         0.85887327 0.52060081]
562;[556 560 561 562 563];[0.48735318 0.50436841 0.85887327 1.         0.51270454]
563;[556 560 561 562 563];[0.5509648  0.55845352 0.52060081 0.51270454 1.        ]
662;[662];[1.]
307;[307 308 458];[1.         0.56114992 0.40661037]
308;[307 308 458];[0.56114992 1.         0.30921027]
458;[307 308 458];[0.40661037 0.30921027 1.        ]
459;[459];[1.]
257;[257 258];[1.         0.67934629]
258;[257 258];[0.67934629 1.        ]
317;[317 318];[1.         0.41984864]
318;[317 318];[0.41984864 1.        ]
319;[319 511];[1.         0.31072294]
320;[320 511];[1.         0.34642727]
420;[420];[1.]
511;[319 320 511];[0.31072294 0.34642727 1.        ]
717;[717];[1.]
718;[718];[1.]
1021;[1021];[1.]
1013;[1013 1015  700];[1.         0.46893742 0.30992831]
1014;[1014];[1.]
1015;[1013 1015  700];[0.46893742 1.         0.31286865]
694;[694 695 696 698 700];[1.         0.4357423  0.64020249 0.61775543 0.71529153]
695;[694 695 696 698 700];[0.4357423  1.         0.43110437 0.37646231 0.44228645]
696;[694 695 696 698 700];[0.64020249 0.43110437 1.         0.6721749  0.74718476]
697;[697 699];[1.         0.51848986]
698;[694 695 696 698 700];[0.61775543 0.37646231 0.6721749  1.         0.68902219]
699;[697 699];[0.51848986 1.        ]
700;[1013 1015  694  695  696  698  700];"[0.30992831 0.31286865 0.71529153 0.44228645 0.74718476 0.68902219
 1.        ]"
1313;[1321 1332 1335 1371 1314 1372 1313 1328 1330 1319 1318];"[0.56330057 0.54003199 0.55954212 0.4842115  0.82334722 0.37677457
 1.         0.96970414 0.97706977 0.85465564 0.89990441]"
1328;[1321 1332 1335 1371 1314 1372 1313 1328 1330 1319 1318];"[0.56213069 0.53911773 0.55859483 0.47777116 0.8013959  0.37949118
 0.96970414 1.         0.99228054 0.83105792 0.87251197]"
1330;[1321 1332 1335 1371 1314 1372 1313 1328 1330 1319 1318];"[0.56867623 0.54533617 0.56503794 0.48800378 0.80888299 0.38571407
 0.97706977 0.99228054 1.         0.83894797 0.88119057]"
1319;[1321 1332 1335 1371 1314 1372 1313 1328 1330 1319 1318];"[0.56770685 0.5443883  0.56405582 0.53209666 0.83321645 0.35362843
 0.85465564 0.83105792 0.83894797 1.         0.8773986 ]"
1318;[1321 1332 1335 1371 1314 1372 1313 1328 1330 1319 1318];"[0.59984378 0.57537186 0.59615874 0.52801992 0.85291616 0.37460643
 0.89990441 0.87251197 0.88119057 0.8773986  1.        ]"
